latitude,longitude,wind10_mps_mean,wind10_mps_min,wind10_mps_max,wind10_mps_p90,u10_mean,v10_mean,wind10_direction_deg_mean
47.25,6.0,2.7937036,0.023231685,10.761657,4.809274,-0.1442128,0.47511762,163.11536
47.25,6.25,2.8111162,0.04181519,10.084496,4.6368365,-0.25394198,0.6628292,159.03726
47.25,6.5,2.595899,0.07645391,9.1224985,4.425879,-0.12063628,0.55739176,167.78784
47.25,6.75,2.3867552,0.06597086,9.111369,4.2254295,-0.0040326044,0.44922823,179.48569
47.25,7.0,2.1599371,0.04617778,8.305722,3.8232503,0.14308108,0.36029392,201.65918
47.25,7.25,1.8267106,0.010398414,8.271975,3.4351218,0.17064624,0.1480471,229.05615
47.25,7.5,1.711517,0.009447606,7.895557,3.2202635,0.035874132,0.04461609,218.80147
47.25,7.75,1.664701,0.005442791,8.333052,3.1599133,0.092833474,-0.13530017,325.54483
47.25,8.0,1.7164603,0.014823032,8.354846,3.0382214,0.19129317,-0.17038038,311.6907
47.25,8.25,1.4742347,0.009732405,7.2479815,2.5247145,0.10686543,-0.013260956,277.0737
47.25,8.5,1.4485044,0.022474725,6.7468023,2.4397695,-0.0116152335,0.057511397,168.58191
47.25,8.75,1.6115781,0.0024361555,6.504488,2.6219666,-0.19576314,0.23207897,139.85172
47.25,9.0,1.4160172,0.010029935,5.514589,2.4163737,0.063091576,0.23432383,195.06949
47.25,9.25,1.3664309,0.0073296367,4.985887,2.2873492,0.2825324,0.26175687,227.18591
47.25,9.5,1.2173539,0.004769,4.077148,2.011524,0.07546984,0.24294835,197.25696
47.25,9.75,1.2832061,0.020084983,4.401466,2.1264076,-0.05787899,0.25442407,167.1839
47.25,10.0,1.4950466,0.009235211,4.475659,2.508194,-0.19115591,0.33922905,150.5987
47.25,10.25,1.3547014,0.025845295,4.110881,2.216858,0.07802551,0.3275299,193.39949
47.25,10.5,1.3591584,0.015518669,4.0168533,2.2107775,0.16459188,0.38489607,203.15286
47.25,10.75,1.3044254,0.010960017,3.6633213,2.1167262,0.09731664,0.37143868,194.68146
47.25,11.0,1.2805922,0.019281037,3.6300745,2.0958807,-0.015938865,0.376611,177.5766
47.25,11.25,1.2757634,0.03842114,3.816688,2.1378937,0.018747611,0.3069627,183.49496
47.25,11.5,1.2915761,0.02239354,3.9733484,2.1962585,0.06098271,0.2621863,193.0938
47.25,11.75,1.3386211,0.014998792,4.2185545,2.2855594,0.0981165,0.2885401,198.78033
47.25,12.0,1.3405514,0.024319628,4.2218604,2.314674,-0.064095885,0.31395414,168.46124
47.25,12.25,1.3360454,0.018716123,4.174016,2.286143,0.043797553,0.35392487,187.05438
47.25,12.5,1.3255845,0.017292686,4.2362647,2.2549598,0.10475501,0.33045503,197.58875
47.25,12.75,1.3420281,0.025744725,4.045279,2.243102,0.3017699,0.28452337,226.68494
47.25,13.0,1.3408207,0.0033780215,4.32431,2.2215855,0.3621907,0.22554703,238.08824
47.25,13.25,1.4049132,0.017463502,4.6740685,2.2889042,0.31201613,0.22476901,234.23192
47.25,13.5,1.4663708,0.006191572,5.0099063,2.3755147,0.31470892,0.15260819,244.1304
47.25,13.75,1.3040491,0.011560494,5.256867,2.2542617,0.28916946,0.032865457,263.5159
47.25,14.0,1.4434671,0.014477576,5.3891582,2.3630254,0.4410672,-0.024181847,273.13815
47.25,14.25,1.5749081,0.028723462,5.5785007,2.5346477,0.5182973,-0.06357477,276.993
47.25,14.5,1.5869322,0.021727627,5.646682,2.5363076,0.52026886,-0.010283778,271.1324
47.25,14.75,1.6153839,0.015723314,5.801236,2.5206702,0.54359055,-0.057342943,276.02182
47.25,15.0,1.5302044,0.038527645,6.128312,2.5726867,0.41865575,-0.2451706,300.35382
47.5,6.0,2.73411,0.05082753,11.005886,4.630529,-0.07713667,0.32822022,166.77464
47.5,6.25,2.6432352,0.028041275,10.32222,4.408997,-0.21324897,0.45490032,154.88368
47.5,6.5,2.5635526,0.020312939,9.936352,4.3848624,-0.2899244,0.37214077,142.07886
47.5,6.75,2.4629874,0.027983708,10.242731,4.42854,-0.17256321,0.29326227,149.52634
47.5,7.0,2.1862144,0.031765725,9.429138,4.0254326,-0.02264203,0.2121125,173.90701
47.5,7.25,2.0507655,0.0058565927,8.915071,3.6038935,0.14424749,0.34018064,202.97852
47.5,7.5,1.9846811,0.05127183,8.208214,3.215212,-0.06319056,0.3677477,170.25
47.5,7.75,1.819242,0.032930017,8.240586,3.0862339,-0.00647847,0.18876563,178.03438
47.5,8.0,1.7883584,0.0073330193,9.159054,3.286268,0.07076907,-0.11697402,328.82614
47.5,8.25,1.8423938,0.01994333,9.210343,3.3787918,0.23197447,-0.2880807,321.15753
47.5,8.5,1.667548,0.003106691,8.663886,3.1515214,0.11404952,-0.21764646,332.34488
47.5,8.75,1.7648339,0.025866829,8.393808,3.2591727,-0.05128708,-0.05849029,41.24582
47.5,9.0,1.7523563,0.034056805,8.713448,3.2334948,0.003049146,-0.026752459,353.49768
47.5,9.25,1.5671357,0.0029695502,7.3806605,2.9261775,0.2148796,-0.0005901694,270.15735
47.5,9.5,1.4225339,0.020607868,6.4235926,2.5485759,0.04270862,0.033912253,231.5491
47.5,9.75,1.5330037,0.01312278,6.4909654,2.5381854,-0.025191683,0.22110924,173.50015
47.5,10.0,1.7167147,0.026560394,6.6075783,2.7899413,-0.1290501,0.34095386,159.2685
47.5,10.25,1.6294556,0.027563473,6.2868986,2.7075682,0.13254324,0.34942767,200.7725
47.5,10.5,1.6073077,0.022847768,6.0037847,2.6121502,0.2814582,0.34691927,219.05267
47.5,10.75,1.461451,0.011841804,5.3418913,2.3428304,0.24612747,0.2821055,221.10359
47.5,11.0,1.3885063,0.019362008,4.671807,2.2390263,0.13268961,0.28622544,204.8717
47.5,11.25,1.3330948,0.0043516182,4.086758,2.1522686,0.01891182,0.27729803,183.90155
47.5,11.5,1.3746904,0.016891452,4.223308,2.2397578,0.05538063,0.30228555,190.38182
47.5,11.75,1.3962753,0.01936915,4.4038043,2.297831,0.092317216,0.32855642,195.69421
47.5,12.0,1.3956949,0.010794178,4.566087,2.316391,0.18887629,0.3043232,211.82555
47.5,12.25,1.3133551,0.03401477,4.4350986,2.1768298,0.10697925,0.25324506,202.90085
47.5,12.5,1.3115536,0.004244934,4.5463886,2.139362,0.16761766,0.22983354,216.10329
47.5,12.75,1.3088089,0.014421429,4.2499146,2.1373382,0.18220735,0.22822979,218.60213
47.5,13.0,1.318673,0.031252775,4.160218,2.1227045,0.18959577,0.29068553,213.11386
47.5,13.25,1.3375566,0.026377711,4.745664,2.1771383,0.14210753,0.2916369,205.97885
47.5,13.5,1.3932557,0.031511914,5.1027293,2.2450833,0.1247683,0.28134388,203.91599
47.5,13.75,1.4808116,0.014354953,5.5178976,2.3455777,0.20841122,0.31218207,213.72688
47.5,14.0,1.4896262,0.05327524,5.716093,2.3374887,0.362549,0.27448553,232.87067
47.5,14.25,1.4971894,0.011702297,5.8071094,2.4034467,0.44370034,0.22976409,242.62325
47.5,14.5,1.6094159,0.033192143,6.1798506,2.6081142,0.44482774,0.16036081,250.17572
47.5,14.75,1.6349609,0.03610938,6.462132,2.6868696,0.37916672,0.081414215,257.88153
47.5,15.0,1.4768165,0.04386488,6.2693415,2.6556656,0.260898,-0.102530695,291.4544
47.75,6.0,2.7377741,0.035944022,10.926018,4.567949,-0.013298688,0.28999916,177.37439
47.75,6.25,2.6620007,0.053725313,10.558765,4.4046855,-0.23917024,0.315463,142.8322
47.75,6.5,2.5668406,0.04372838,9.949567,4.3056564,-0.31543532,0.2331981,126.47514
47.75,6.75,2.498891,0.02211694,9.600178,4.425262,-0.14013575,0.10668812,127.282745
47.75,7.0,2.1052606,0.020842321,9.41012,3.9796956,0.14788742,0.0009771242,269.62143
47.75,7.25,1.9519619,0.006287528,9.097062,3.631784,0.3140456,0.1284221,247.75897
47.75,7.5,1.874584,0.022710625,8.366845,3.2525287,-0.008311085,0.24561629,178.06198
47.75,7.75,2.103724,0.013108357,8.453867,3.3917196,-0.18538706,0.34494117,151.74442
47.75,8.0,2.05232,0.010011452,8.711389,3.5272152,-0.12650123,0.047491822,110.57744
47.75,8.25,1.9222833,0.009662814,8.908827,3.6671722,0.08731991,-0.15271932,330.24048
47.75,8.5,2.1164262,0.041458786,8.843115,3.8719716,0.21541482,-0.32175437,326.19766
47.75,8.75,2.1526315,0.012636277,8.503891,3.9289455,0.05416004,-0.25589082,348.04956
47.75,9.0,2.0810087,0.024693115,8.789938,3.8623612,0.10828502,-0.22450101,334.2503
47.75,9.25,2.1417627,0.026231717,9.338663,3.9598343,0.14260952,-0.26476514,331.6919
47.75,9.5,2.1007485,0.0141248675,8.692245,3.8676207,0.06674309,-0.15822029,337.1282
47.75,9.75,2.038409,0.03808551,8.048486,3.7481358,-0.00085911085,0.028055886,178.24608
47.75,10.0,2.1864004,0.041118644,8.168047,3.842114,-0.0113364225,0.28596625,177.72984
47.75,10.25,2.199111,0.012473012,8.559757,3.7938175,0.18793963,0.37285066,206.75092
47.75,10.5,2.140914,0.040282164,7.969233,3.601349,0.3361439,0.37035775,222.2275
47.75,10.75,1.9518118,0.039214466,7.6214304,3.2305238,0.37055814,0.2623222,234.7049
47.75,11.0,1.85198,0.04186322,7.5428343,3.0676296,0.32965735,0.24163422,233.75911
47.75,11.25,1.7792165,0.0379651,6.880761,2.9325902,0.21648815,0.23283,222.91705
47.75,11.5,1.8034519,0.04288466,6.4036536,2.940156,0.23249875,0.28214908,219.48949
47.75,11.75,1.7654277,0.043564763,6.3918533,2.8664107,0.26577556,0.27938807,223.56964
47.75,12.0,1.7524257,0.014563377,5.972493,2.8431447,0.37470052,0.24036314,237.32062
47.75,12.25,1.6439081,0.020070465,5.546724,2.6395464,0.267687,0.18388872,235.51273
47.75,12.5,1.6406565,0.030110968,5.758732,2.6213956,0.17627262,0.22405086,218.194
47.75,12.75,1.6337506,0.010070812,5.4244447,2.62449,0.13973658,0.2660309,207.71136
47.75,13.0,1.6126617,0.008371959,4.875209,2.57314,0.14696258,0.3280259,204.13339
47.75,13.25,1.5536659,0.02411625,5.175299,2.4433696,0.13303386,0.2869951,204.86963
47.75,13.5,1.5544907,0.0603068,5.4494443,2.4132538,0.12550975,0.28851727,203.50983
47.75,13.75,1.5987979,0.027430877,5.4074893,2.4941647,0.20871522,0.3192238,213.1775
47.75,14.0,1.6360595,0.04195887,5.438567,2.6072848,0.34297952,0.3226704,226.74756
47.75,14.25,1.5989143,0.03528495,5.467983,2.5424628,0.35415325,0.27130455,232.54553
47.75,14.5,1.6286538,0.022246476,5.838741,2.6570356,0.3552648,0.20220919,240.35239
47.75,14.75,1.7802124,0.026242029,6.514128,2.9736447,0.25838098,0.17819858,235.407
47.75,15.0,1.9288139,0.029567426,6.789279,3.221135,0.3635715,0.20060433,241.11183
48.0,6.0,2.8717356,0.08781564,10.749345,4.8216653,0.10610826,0.33248687,197.69972
48.0,6.25,2.796363,0.016641596,10.557073,4.7176366,-0.11903431,0.4101645,163.81668
48.0,6.5,2.7834587,0.030641837,10.355438,4.685876,-0.17483717,0.5141303,161.21869
48.0,6.75,2.6177125,0.045424517,9.767203,4.5839467,0.018151082,0.3615377,182.87415
48.0,7.0,2.1889584,0.029422542,9.062262,4.124056,0.31038684,0.21563202,235.21152
48.0,7.25,2.0540254,0.041918896,8.3278675,3.6948135,0.52708817,0.02783326,266.97726
48.0,7.5,1.9874115,0.008564572,8.6413355,3.7199593,0.1444408,0.21044844,214.46367
48.0,7.75,2.063107,0.014032811,8.747841,3.7161462,-0.03184156,0.30926698,174.12164
48.0,8.0,2.2866879,0.021051168,8.896479,3.8880644,-0.14943194,0.43650705,161.1021
48.0,8.25,2.2656329,0.014762467,9.2207985,4.2000437,0.14694363,0.2725255,208.3332
48.0,8.5,2.3210213,0.018224003,9.5739565,4.3444905,0.2743917,0.10431617,249.18457
48.0,8.75,2.331799,0.03577159,9.201451,4.292108,0.10932044,0.012241706,263.61063
48.0,9.0,2.3848624,0.026217837,9.052355,4.315022,0.09690427,-0.06785514,305.0008
48.0,9.25,2.4093757,0.025324464,8.997531,4.3842735,0.119319394,-0.12275368,315.8128
48.0,9.5,2.4883027,0.020911228,9.121259,4.473865,0.14912997,-0.03987864,284.9711
48.0,9.75,2.5522487,0.014361447,9.442727,4.572692,0.18924606,-0.014669058,274.4323
48.0,10.0,2.6353948,0.066179685,9.44901,4.6466613,0.17739555,0.25276348,215.06212
48.0,10.25,2.6654491,0.042390864,9.706681,4.585178,0.35453537,0.34552565,225.73735
48.0,10.5,2.6743376,0.027945112,9.708166,4.562996,0.3987312,0.3618084,227.77942
48.0,10.75,2.5111485,0.023123646,9.305282,4.2870746,0.4596639,0.26601285,239.94153
48.0,11.0,2.3903902,0.030336453,8.804372,4.0680165,0.4332199,0.24889657,240.12148
48.0,11.25,2.2908587,0.016939078,8.685913,3.9446993,0.39673704,0.16915734,246.90799
48.0,11.5,2.2432468,0.018520758,8.708057,3.826208,0.39013767,0.20077512,242.76846
48.0,11.75,2.1817353,0.007971166,8.696143,3.7936034,0.423303,0.1980889,244.92229
48.0,12.0,2.0974693,0.048039585,8.881083,3.7918458,0.4493275,0.12190644,254.82056
48.0,12.25,2.008826,0.03853946,8.541438,3.6916275,0.37719542,0.09086736,256.45538
48.0,12.5,1.9904703,0.017192377,7.8370905,3.5889752,0.28619584,0.13074343,245.44757
48.0,12.75,2.0318265,0.03504613,7.818962,3.532898,0.22183795,0.22481473,224.61815
48.0,13.0,2.0926733,0.011561944,7.628913,3.5251043,0.15500551,0.29274535,207.90074
48.0,13.25,2.0356112,0.023433546,7.2711496,3.4218676,0.13382459,0.23178321,210.00084
48.0,13.5,2.0051782,0.054821026,7.2528167,3.387282,0.1669636,0.1885963,221.51834
48.0,13.75,1.9517001,0.031281356,7.315944,3.4716632,0.2619857,0.090502605,250.9426
48.0,14.0,1.9626355,0.02498436,7.010779,3.5481577,0.38006514,0.08154019,257.89117
48.0,14.25,1.9148446,0.0054861237,7.064057,3.4863775,0.3472602,0.037024207,263.9142
48.0,14.5,1.8923634,0.020008625,7.2274866,3.479408,0.315337,-0.0013057578,270.23724
48.0,14.75,2.0681272,0.024659699,7.624151,3.7559679,0.27604228,0.036436487,262.48065
48.0,15.0,2.2015388,0.02932436,7.838827,3.9871132,0.39846388,0.08260794,258.2876
48.25,6.0,3.1455045,0.008070875,11.057301,5.254326,0.23994012,0.3834059,212.03885
48.25,6.25,3.0808241,0.04135005,11.104605,5.3331933,0.18766361,0.5605056,198.51114
48.25,6.5,3.0275307,0.022278836,10.886283,5.3400507,0.15120305,0.6809713,192.51888
48.25,6.75,2.967993,0.05909676,10.478949,5.163726,0.14615825,0.6690183,192.32361
48.25,7.0,2.5568507,0.047185395,9.573656,4.589421,0.3417975,0.42819288,218.598
48.25,7.25,2.2591004,0.019441212,8.7913685,4.0526004,0.56037104,0.17104325,253.02612
48.25,7.5,2.242505,0.022698227,8.6188135,4.0582747,0.36901695,0.31863517,229.19037
48.25,7.75,2.1428895,0.005112264,8.773633,4.0182047,0.15736386,0.43891624,199.7242
48.25,8.0,2.3182688,0.036117,8.517781,4.0291142,-0.09897889,0.666388,171.5516
48.25,8.25,2.3874187,0.011554249,9.235995,4.2895646,0.13489111,0.55708563,193.61147
48.25,8.5,2.5342944,0.0089510325,9.865255,4.6116705,0.3592464,0.51429874,214.93495
48.25,8.75,2.5671084,0.016888475,9.525735,4.5472045,0.31193417,0.44612062,214.96182
48.25,9.0,2.603968,0.021568356,9.44262,4.536983,0.28546846,0.37293795,217.43256
48.25,9.25,2.6589417,0.039607376,9.372476,4.546142,0.20842248,0.32011318,213.06775
48.25,9.5,2.6807718,0.00338212,9.538296,4.646311,0.32356563,0.16881879,242.44691
48.25,9.75,2.7131739,0.019774567,9.856348,4.6796994,0.36287698,0.17468217,244.29471
48.25,10.0,2.7438166,0.058488324,10.103019,4.6701875,0.38102722,0.20086898,242.20282
48.25,10.25,2.7300122,0.03054877,10.3637495,4.665728,0.36296448,0.27681524,232.669
48.25,10.5,2.7188132,0.043667607,10.347763,4.601228,0.3859721,0.29391208,232.71127
48.25,10.75,2.6477592,0.045049258,9.968501,4.4959917,0.42764446,0.19866101,245.08292
48.25,11.0,2.6013951,0.055869978,9.763169,4.3941803,0.41645747,0.12942575,252.73592
48.25,11.25,2.5242364,0.019689396,9.379249,4.3068676,0.3881581,0.0052559394,269.2242
48.25,11.5,2.4659631,0.032540288,9.169873,4.2208424,0.34060666,-0.0678071,281.2591
48.25,11.75,2.4404256,0.008420557,9.343376,4.1979685,0.31360614,-0.11251137,289.73627
48.25,12.0,2.4085689,0.02388472,9.066542,4.1936746,0.31450915,-0.21324925,304.13876
48.25,12.25,2.3594167,0.0020567693,8.9848385,4.176193,0.2852999,-0.28740725,315.21082
48.25,12.5,2.3293502,0.033010952,9.10666,4.1411753,0.28280085,-0.28362986,315.08386
48.25,12.75,2.3480694,0.022070313,8.740076,4.152873,0.20876282,-0.17398241,309.80774
48.25,13.0,2.393146,0.029951278,8.735853,4.238734,0.12521589,-0.04058096,287.95688
48.25,13.25,2.4495866,0.014761969,8.663535,4.3013587,0.037446108,-0.018763375,296.61438
48.25,13.5,2.492014,0.02224577,8.641187,4.3814726,0.11935429,-0.109240994,312.46683
48.25,13.75,2.4914033,0.032845836,8.755268,4.430937,0.21053746,-0.22343427,316.7022
48.25,14.0,2.4836214,0.029403212,8.890973,4.4647713,0.30158585,-0.38597563,321.99734
48.25,14.25,2.4478292,0.041367363,8.926216,4.4177895,0.2267445,-0.43583894,332.51437
48.25,14.5,2.493635,0.0757177,9.125113,4.4857616,0.1881685,-0.47777998,338.50354
48.25,14.75,2.600916,0.012813068,9.227421,4.583544,0.22850399,-0.46798044,333.97482
48.25,15.0,2.6034107,0.015369018,9.154717,4.5955224,0.41839144,-0.4263227,315.53796
48.5,6.0,3.3583822,0.086251825,11.7467785,5.664843,0.33789223,0.4764189,215.34555
48.5,6.25,3.2528317,0.102882266,11.681391,5.6315346,0.32302642,0.56245005,209.86963
48.5,6.5,3.185227,0.04688696,11.690188,5.5865583,0.26224923,0.6429032,202.19124
48.5,6.75,3.1681526,0.027703915,11.318429,5.506846,0.11396602,0.730175,188.87119
48.5,7.0,2.8572152,0.049644575,10.2391405,5.0044503,0.2567099,0.53746355,205.53064
48.5,7.25,2.5581489,0.05644453,9.135613,4.493686,0.41766557,0.30744562,233.64304
48.5,7.5,2.3214111,0.0033517277,8.567244,4.115689,0.43783885,0.21291894,244.06657
48.5,7.75,2.1438365,0.016526403,8.464,4.0451765,0.20349017,0.30660617,213.57167
48.5,8.0,2.3386145,0.015590211,8.700105,4.164024,-0.17983514,0.5230376,161.02559
48.5,8.25,2.4103467,0.05960836,8.863595,4.3799853,0.08305949,0.53882873,188.76308
48.5,8.5,2.524133,0.041422382,9.299964,4.6844807,0.3469843,0.5345614,212.98764
48.5,8.75,2.5847163,0.030594729,9.727626,4.656528,0.60464394,0.5226404,229.16061
48.5,9.0,2.5299466,0.060456622,9.354689,4.467015,0.45445266,0.5560877,219.2568
48.5,9.25,2.565635,0.027332956,9.245443,4.4004703,0.26612115,0.5691853,205.05832
48.5,9.5,2.6348455,0.07280554,9.123517,4.5307174,0.30323663,0.40324372,216.94293
48.5,9.75,2.6422675,0.049416095,9.198404,4.5437202,0.36662012,0.26011524,234.64449
48.5,10.0,2.6164224,0.03782612,9.302976,4.4718876,0.46576607,0.09429971,258.55453
48.5,10.25,2.5625563,0.07965759,9.429272,4.417021,0.39396098,0.114484236,253.79625
48.5,10.5,2.5541682,0.02641099,9.538721,4.3402166,0.3540217,0.106672294,253.23163
48.5,10.75,2.5772448,0.018172698,9.563313,4.3305326,0.32717603,0.11400944,250.78833
48.5,11.0,2.57692,0.0602071,9.482002,4.3161716,0.33733684,0.10916843,252.06746
48.5,11.25,2.5719085,0.034338668,9.391024,4.3243804,0.34275186,0.08659524,255.8211
48.5,11.5,2.5535443,0.019130226,9.185973,4.308678,0.3067001,0.06182132,258.60364
48.5,11.75,2.5616097,0.007302522,8.973775,4.2916355,0.2691234,0.05232625,258.99713
48.5,12.0,2.598458,0.03124692,9.149147,4.313049,0.23474105,0.057957206,256.13113
48.5,12.25,2.5835335,0.03474465,9.247686,4.313054,0.27045158,0.046505447,260.24313
48.5,12.5,2.5529168,0.06606989,9.315664,4.2783346,0.29656413,0.0634302,257.92728
48.5,12.75,2.4647408,0.014091225,9.144395,4.1272755,0.3001608,0.12744263,246.99484
48.5,13.0,2.364513,0.0138086565,8.855682,4.052375,0.18437172,0.12563968,235.72762
48.5,13.25,2.3469222,0.035751972,8.647555,4.102887,0.07095792,0.087871015,218.92169
48.5,13.5,2.396001,0.008297891,8.272264,4.279656,0.054418005,-0.18031447,343.20645
48.5,13.75,2.3942413,0.008773432,8.223872,4.321093,0.13877362,-0.33766198,337.65814
48.5,14.0,2.3929057,0.014629869,8.085655,4.285975,0.23238616,-0.54264045,336.81693
48.5,14.25,2.400611,0.023997996,7.8726616,4.2581015,0.18860784,-0.53213346,340.48376
48.5,14.5,2.4720936,0.04068876,7.904065,4.350269,0.18023282,-0.49857998,340.12546
48.5,14.75,2.6806455,0.054609586,8.284029,4.623462,0.25833184,-0.4855159,331.98358
48.5,15.0,2.6909454,0.05001211,8.602962,4.657519,0.45522845,-0.53567153,319.6412
48.75,6.0,3.480059,0.0038640907,12.040655,5.8330293,0.29058602,0.4619796,212.16997
48.75,6.25,3.4091198,0.009262097,11.802548,5.798278,0.26201567,0.45640093,209.85974
48.75,6.5,3.396273,0.011369098,11.879072,5.821712,0.21490291,0.5040113,203.09268
48.75,6.75,3.4688218,0.044570815,12.10105,5.929208,0.14116876,0.63876855,192.46214
48.75,7.0,3.2447648,0.103495635,11.087755,5.494277,0.1889142,0.55275667,198.86876
48.75,7.25,2.9545574,0.03336723,10.120556,5.0011015,0.25548342,0.40241656,212.41037
48.75,7.5,2.586875,0.013186225,9.035688,4.4095206,0.29347226,0.16978152,239.94948
48.75,7.75,2.4570298,0.031596743,8.866616,4.329153,0.15663233,0.20304151,217.64767
48.75,8.0,2.6049626,0.051957063,9.425629,4.566793,-0.081226304,0.39991203,168.51881
48.75,8.25,2.605585,0.00990789,9.259287,4.6581235,0.14479007,0.5191038,195.58502
48.75,8.5,2.6349337,0.050480727,9.184702,4.7595024,0.38185808,0.5619611,214.1965
48.75,8.75,2.6101575,0.065475404,9.244898,4.6301723,0.62903315,0.49903247,231.57388
48.75,9.0,2.4985697,0.021667272,8.96838,4.3895483,0.45300254,0.5067287,221.7959
48.75,9.25,2.4691236,0.025061538,8.879864,4.228796,0.22121143,0.51710314,203.16075
48.75,9.5,2.5573437,0.057127677,9.108012,4.3585863,0.1533488,0.49582744,197.18573
48.75,9.75,2.611295,0.049589764,8.942752,4.441851,0.19590843,0.41069123,205.50214
48.75,10.0,2.6682045,0.017507836,8.935638,4.5279093,0.31107077,0.2811878,227.88846
48.75,10.25,2.6262813,0.020887682,8.840858,4.43954,0.33597112,0.1844605,241.2316
48.75,10.5,2.6086347,0.058007568,8.821575,4.3916187,0.34699,0.10203763,253.61324
48.75,10.75,2.5900476,0.041168347,8.932523,4.367479,0.32958665,0.050320175,261.3193
48.75,11.0,2.544284,0.023853607,8.837004,4.3098836,0.30460194,-0.012494868,272.34897
48.75,11.25,2.5108366,0.027618412,9.085744,4.269319,0.27901822,-0.08100485,286.18912
48.75,11.5,2.4824505,0.014081011,9.206244,4.247942,0.26889798,-0.12895575,295.62103
48.75,11.75,2.468963,0.013131959,9.24358,4.207862,0.25879714,-0.124529555,295.6962
48.75,12.0,2.4762857,0.024610965,9.434813,4.1606297,0.25374958,-0.08385806,288.28748
48.75,12.25,2.4035285,0.026180742,9.614021,4.0989647,0.2517359,-0.07505774,286.6025
48.75,12.5,2.3103936,0.047666386,9.527831,4.0103936,0.22022071,-0.10657629,295.82477
48.75,12.75,2.1672149,0.038576078,8.986162,3.8342967,0.12657428,-0.21779028,329.8359
48.75,13.0,2.0914218,0.027450817,8.275216,3.752131,0.03495855,-0.27936354,352.86728
48.75,13.25,2.1171749,0.02431453,7.6141167,3.8390539,-0.026652513,-0.32742557,4.6536255
48.75,13.5,2.2702188,0.03218866,8.118476,4.0862436,0.07085547,-0.3169884,347.39996
48.75,13.75,2.3004513,0.022569817,8.3646,4.184505,0.26371652,-0.2535036,313.8688
48.75,14.0,2.41498,0.015890231,8.400237,4.2446146,0.511971,-0.16989468,288.35812
48.75,14.25,2.3796442,0.018698243,8.125872,4.1269107,0.4985604,-0.03747101,274.2982
48.75,14.5,2.4945598,0.04244403,8.667424,4.2226253,0.4672152,0.06935969,261.5559
48.75,14.75,2.742857,0.04557557,9.163781,4.5682387,0.4062021,0.12750795,252.57278
48.75,15.0,2.88408,0.03845118,9.006372,4.81908,0.48408377,-0.0117115,271.3859
49.0,6.0,3.4547067,0.0320612,12.388749,5.798273,0.21404518,0.42970902,206.47865
49.0,6.25,3.4437559,0.06318444,12.422198,5.7694273,0.16728656,0.4168709,201.86514
49.0,6.5,3.412634,0.078074105,12.073856,5.7734294,0.14459208,0.4468332,197.93121
49.0,6.75,3.3998125,0.011873221,11.790616,5.771331,0.11244633,0.49620834,192.76822
49.0,7.0,3.3208523,0.027739959,11.33927,5.6361656,0.09695109,0.50164586,190.93848
49.0,7.25,3.1167307,0.018799547,10.406402,5.2324705,0.10780755,0.33093095,198.04408
49.0,7.5,2.9180527,0.07227422,9.507766,4.7743573,0.10965766,0.094878964,229.13269
49.0,7.75,2.809472,0.02867666,9.451095,4.7532005,0.24268743,0.029263435,263.12442
49.0,8.0,2.759659,0.048419204,9.530275,4.814862,0.25291547,0.118517004,244.89206
49.0,8.25,2.7310858,0.040311817,9.526545,4.8072686,0.2420335,0.36892247,213.26709
49.0,8.5,2.6833708,0.048588146,9.2347765,4.6444497,0.27874255,0.4719905,210.56476
49.0,8.75,2.6484134,0.024464078,8.947063,4.494616,0.31108537,0.5105578,211.35416
49.0,9.0,2.5206234,0.063129045,8.795425,4.3239856,0.22726913,0.4099547,209.00294
49.0,9.25,2.4915044,0.054385368,8.4730835,4.256757,0.11651367,0.36974216,197.49075
49.0,9.5,2.5547028,0.014868435,8.55265,4.419594,0.1044879,0.37150612,195.7089
49.0,9.75,2.6888764,0.045123994,8.6529455,4.619796,0.14817202,0.37589863,201.51341
49.0,10.0,2.846213,0.0621085,9.041386,4.7920704,0.2455354,0.35743713,214.48647
49.0,10.25,2.8424003,0.10245782,8.913427,4.698787,0.32909214,0.30587375,227.09418
49.0,10.5,2.8459432,0.08684703,9.022431,4.6689563,0.38659775,0.26377812,235.69403
49.0,10.75,2.744868,0.033903547,8.930869,4.4768577,0.35264334,0.2075775,239.51753
49.0,11.0,2.6923013,0.030610887,8.990637,4.4177732,0.29708263,0.12640598,246.95068
49.0,11.25,2.7059186,0.054161586,9.03555,4.437962,0.21558739,0.02579764,263.1763
49.0,11.5,2.679116,0.07638418,9.072674,4.4498606,0.25182876,-0.05759277,282.8819
49.0,11.75,2.6547303,0.07189825,8.9949255,4.4408135,0.27818224,-0.109088935,291.4126
49.0,12.0,2.507127,0.07669236,8.669349,4.2092557,0.26041204,-0.12869032,296.29764
49.0,12.25,2.3807263,0.028295297,8.339884,4.0597205,0.1962732,-0.13441536,304.40482
49.0,12.5,2.2797074,0.05317946,7.781432,3.9538326,0.07711216,-0.14487271,331.97473
49.0,12.75,2.1152658,0.027547136,7.331593,3.7198248,0.005975712,-0.131858,357.40515
49.0,13.0,2.0320852,0.03349605,7.0442657,3.5832675,-0.03444305,-0.09811799,19.342957
49.0,13.25,2.1064272,0.020849252,7.1490726,3.6604595,0.08398076,0.028691543,251.13756
49.0,13.5,2.2266839,0.025765674,7.4092784,3.9400039,0.32513338,0.08381761,255.5442
49.0,13.75,2.4601114,0.0023325994,8.144215,4.2953053,0.682443,0.12839702,259.34476
49.0,14.0,2.3868074,0.043973025,8.202207,4.180012,0.7024308,0.086705826,262.9632
49.0,14.25,2.3498445,0.022506094,8.267714,4.1147933,0.6338472,0.0666621,263.99625
49.0,14.5,2.3630397,0.040849805,8.22943,4.16591,0.35825646,-0.00672646,271.07562
49.0,14.75,2.602636,0.013629644,8.276546,4.511092,0.25377253,-0.03519248,277.89526
49.0,15.0,2.91413,0.033858355,8.579392,4.9495325,0.21946242,-0.097894475,294.03998
49.25,6.0,3.362766,0.032050174,12.546154,5.545596,0.1363303,0.33709186,202.01993
49.25,6.25,3.3299878,0.078044325,12.676175,5.5304217,0.100207195,0.33391926,196.7042
49.25,6.5,3.2595363,0.048185837,11.992596,5.4543076,0.07559804,0.3346099,192.73105
49.25,6.75,3.2075584,0.03783497,11.351751,5.376293,0.059081312,0.3198463,190.46558
49.25,7.0,3.2143738,0.045264523,11.19627,5.4280305,0.061041575,0.32292914,190.70403
49.25,7.25,3.1205368,0.055359118,10.501126,5.203673,0.06721454,0.22376391,196.7193
49.25,7.5,3.1772335,0.06532616,10.718821,5.2501616,0.12304918,0.21845815,209.39091
49.25,7.75,3.0244286,0.021941125,10.375932,5.075396,0.35623366,0.10064269,254.22401
49.25,8.0,2.9432244,0.024917608,10.298924,5.0941024,0.46788064,0.1316112,254.28912
49.25,8.25,2.7025359,0.048551735,9.520572,4.7285905,0.36321318,0.17011452,244.90349
49.25,8.5,2.563147,0.0073953983,9.075877,4.477051,0.19462797,0.20348842,223.72504
49.25,8.75,2.5352829,0.041680336,8.784086,4.376386,0.07264249,0.2538107,195.97153
49.25,9.0,2.5650492,0.053703733,8.626839,4.399807,0.06171647,0.22226875,195.51817
49.25,9.25,2.6636353,0.07470374,8.765288,4.540353,0.11397037,0.26929492,202.93893
49.25,9.5,2.7324739,0.08345017,8.788426,4.61198,0.16617745,0.36325037,204.58286
49.25,9.75,2.8554068,0.06650736,8.838698,4.7926497,0.22191386,0.38942447,209.6767
49.25,10.0,3.0115445,0.13017772,9.056036,4.944681,0.30823407,0.47092786,213.20575
49.25,10.25,2.9320285,0.04422175,9.0871105,4.831763,0.4072129,0.4151763,224.44522
49.25,10.5,2.9009392,0.034429878,9.458234,4.726467,0.46193853,0.36765036,231.48422
49.25,10.75,2.7957866,0.058146015,9.62945,4.542738,0.3758666,0.3438334,227.54851
49.25,11.0,2.7866976,0.049326085,9.692512,4.526564,0.27799374,0.2993143,222.88498
49.25,11.25,2.8257518,0.054366775,9.706745,4.5643873,0.18441676,0.22392176,219.47408
49.25,11.5,2.7978847,0.108008176,9.54312,4.560348,0.2484234,0.11867442,244.46571
49.25,11.75,2.7528994,0.03433681,9.080063,4.4946947,0.26900145,0.011753425,267.49817
49.25,12.0,2.6259837,0.051491912,8.869795,4.3169127,0.1851173,-0.072983325,291.51706
49.25,12.25,2.5102181,0.033128794,8.645172,4.2010665,0.1171549,-0.08004278,304.34174
49.25,12.5,2.5104117,0.061981965,8.488406,4.266768,0.07076283,-0.07466288,316.5362
49.25,12.75,2.385426,0.034892537,8.265562,4.188379,0.21662784,0.11527719,241.98059
49.25,13.0,2.3582273,0.02551964,8.191661,4.1301827,0.26350248,0.21995789,230.14667
49.25,13.25,2.3644562,0.05997034,8.530804,4.141062,0.3790868,0.32230943,229.62794
49.25,13.5,2.3649442,0.04398741,8.794852,4.19857,0.5213257,0.24361789,244.9531
49.25,13.75,2.521438,0.044893887,9.194333,4.4745655,0.76549286,0.1632099,257.96423
49.25,14.0,2.4274442,0.014512263,9.153298,4.3543468,0.6729875,0.054881033,265.33795
49.25,14.25,2.442943,0.035793573,8.817788,4.3138947,0.4971174,-0.036825657,274.23663
49.25,14.5,2.604283,0.023982283,8.40884,4.499494,0.25906214,-0.037882484,278.31937
49.25,14.75,2.8411155,0.03413465,8.352634,4.826594,0.16326381,-0.059777882,290.10983
49.25,15.0,3.078961,0.06653108,8.64776,5.145823,0.23292138,0.029523963,262.776
49.5,6.0,3.4300928,0.056259606,12.898959,5.626696,0.1183513,0.28199512,202.76744
49.5,6.25,3.2839696,0.09869067,12.8536,5.4926553,0.11361954,0.31938776,199.5826
49.5,6.5,3.2188516,0.057654854,11.919434,5.4140887,0.07619334,0.36024365,191.94235
49.5,6.75,3.1646438,0.052674588,11.288118,5.33795,0.059133373,0.34943378,189.60495
49.5,7.0,3.149578,0.036003046,10.891936,5.340562,0.12165389,0.30743736,201.58887
49.5,7.25,3.158723,0.03856829,10.973633,5.3429294,0.22650996,0.28695786,218.28577
49.5,7.5,3.2105868,0.08398949,11.277134,5.3744135,0.3055436,0.28319743,227.17368
49.5,7.75,3.0631263,0.060514923,10.810749,5.2234473,0.4769845,0.19819716,247.43608
49.5,8.0,2.9136362,0.090726376,10.143035,5.002124,0.4725669,0.17617232,249.55461
49.5,8.25,2.7370532,0.020461632,9.859802,4.674687,0.31839243,0.18423676,239.94432
49.5,8.5,2.624993,0.02236039,9.361205,4.4696465,0.15513003,0.22079521,215.09177
49.5,8.75,2.6895683,0.032622654,9.029227,4.560728,0.034913845,0.31988218,186.22894
49.5,9.0,2.733464,0.04435796,9.061545,4.649374,0.15165655,0.30504188,206.43503
49.5,9.25,2.8416693,0.11551671,9.035254,4.7796383,0.20770577,0.34990802,210.69342
49.5,9.5,2.818385,0.030381782,9.023403,4.7297063,0.25497082,0.3574482,215.50058
49.5,9.75,2.8203757,0.06129109,9.118703,4.7507615,0.27954262,0.37509453,216.69566
49.5,10.0,2.9293768,0.049161483,9.076584,4.868422,0.3376849,0.44015178,217.49545
49.5,10.25,2.8825889,0.015752068,9.453126,4.8133054,0.4173947,0.39986533,226.22874
49.5,10.5,2.86298,0.057550725,9.568824,4.741093,0.42765003,0.37680006,228.61691
49.5,10.75,2.7750523,0.06950388,9.736794,4.5885396,0.3516658,0.34579208,225.48251
49.5,11.0,2.773173,0.04910282,9.783706,4.561129,0.25528252,0.30336657,220.08057
49.5,11.25,2.814481,0.060149226,9.675176,4.6263895,0.17106305,0.27780014,211.62383
49.5,11.5,2.811645,0.051347703,9.30052,4.5926824,0.2040625,0.19968942,225.62056
49.5,11.75,2.76503,0.09371877,8.8395605,4.532771,0.22199135,0.095434576,246.73703
49.5,12.0,2.7239957,0.014155329,8.716165,4.4813437,0.14058281,0.00726224,267.04285
49.5,12.25,2.7309628,0.062940046,8.835096,4.571925,0.2161789,-0.06986044,287.90878
49.5,12.5,2.7471085,0.04926715,8.80232,4.657789,0.24818149,-0.09498653,290.94336
49.5,12.75,2.6114707,0.04785167,8.52618,4.5658016,0.42437077,0.021685153,267.07477
49.5,13.0,2.5217252,0.051550798,8.780313,4.530792,0.53294176,0.0566588,263.9315
49.5,13.25,2.4885662,0.027297257,9.254324,4.503697,0.47441468,0.1535921,252.06061
49.5,13.5,2.4978988,0.024145003,9.521921,4.570732,0.60952055,0.085248895,262.03815
49.5,13.75,2.60393,0.018714318,9.875103,4.66425,0.65514743,0.0833038,262.75357
49.5,14.0,2.6056392,0.008538216,9.296571,4.5147223,0.63451004,0.11044911,260.12546
49.5,14.25,2.6462805,0.033538822,8.939526,4.5223026,0.4670084,0.029175142,266.42523
49.5,14.5,2.728248,0.0333169,8.4337435,4.6292133,0.355559,0.10509419,253.53366
49.5,14.75,2.8399076,0.05900611,8.394838,4.800051,0.39540964,0.19850506,243.34225
49.5,15.0,3.0631144,0.06472,8.779254,5.084618,0.47408023,0.28757948,238.75879
49.75,6.0,3.4291937,0.046429608,12.694509,5.6940207,0.22356744,0.3079572,215.9785
49.75,6.25,3.2600503,0.020993188,12.53412,5.511937,0.21914226,0.320097,214.39601
49.75,6.5,3.18655,0.031572834,11.6932,5.4222283,0.17299008,0.36607882,205.29301
49.75,6.75,3.1573787,0.01252755,11.171213,5.3900065,0.15198886,0.42100835,199.85017
49.75,7.0,3.1437078,0.12946989,10.696718,5.3634973,0.24267997,0.4117416,210.51505
49.75,7.25,3.152417,0.051490773,10.700299,5.3919897,0.3470076,0.39132398,221.5651
49.75,7.5,3.0829408,0.044874396,10.996357,5.2162004,0.43493927,0.30450824,235.0035
49.75,7.75,2.8971407,0.07517109,10.310079,4.955215,0.4093122,0.1501582,249.85419
49.75,8.0,2.761631,0.01884164,9.748698,4.7273307,0.40488467,0.12816803,252.43459
49.75,8.25,2.6952853,0.032232936,9.747362,4.6282954,0.29097924,0.15785475,241.5204
49.75,8.5,2.7572038,0.02651203,9.9852295,4.693108,0.20977215,0.3311451,212.35324
49.75,8.75,2.8273482,0.035107795,9.617359,4.751608,0.096802264,0.45797068,191.93506
49.75,9.0,2.8614573,0.073436104,9.399024,4.796261,0.19325867,0.44748557,203.3584
49.75,9.25,2.8321826,0.011096991,9.004746,4.7655625,0.21921517,0.4015401,208.63171
49.75,9.5,2.7570941,0.04023264,9.065912,4.6729774,0.25741446,0.30801228,219.88644
49.75,9.75,2.7637095,0.060789395,9.298525,4.6763167,0.28189853,0.32557938,220.8872
49.75,10.0,2.767792,0.025328748,9.594872,4.6856747,0.30119646,0.29180625,225.90721
49.75,10.25,2.757426,0.12102025,9.476392,4.646877,0.32643357,0.32916632,224.76117
49.75,10.5,2.7353947,0.03519359,9.418625,4.6278243,0.3366158,0.30620998,227.70808
49.75,10.75,2.6982193,0.041560788,8.892366,4.545103,0.28117326,0.31089246,222.1264
49.75,11.0,2.706495,0.047966506,8.523854,4.5577817,0.23373696,0.3193822,216.1982
49.75,11.25,2.7484803,0.019836754,8.34228,4.6110673,0.15706678,0.29797632,207.79424
49.75,11.5,2.7486372,0.05071166,8.2492485,4.612627,0.19524601,0.22480212,220.9751
49.75,11.75,2.774313,0.013816747,8.392764,4.627948,0.23688023,0.18512058,231.99257
49.75,12.0,2.7733016,0.019889556,8.349144,4.6265984,0.20561208,0.1413252,235.49774
49.75,12.25,2.775676,0.08701889,8.464836,4.7089005,0.2807776,0.06456718,257.0495
49.75,12.5,2.8302417,0.017272329,9.172263,4.841177,0.42554486,0.008944135,268.79593
49.75,12.75,2.7865791,0.028326267,9.06511,4.8534374,0.6193078,-0.118099295,280.79642
49.75,13.0,2.7040355,0.018624958,9.016293,4.805516,0.72725666,-0.08320992,276.5272
49.75,13.25,2.65864,0.033050247,8.990876,4.776374,0.62748426,0.0040152813,269.63336
49.75,13.5,2.7046247,0.027387146,9.303295,4.79366,0.64273524,0.1240027,259.0801
49.75,13.75,2.8019667,0.012408923,9.6429615,4.7998343,0.6919881,0.15179382,257.62762
49.75,14.0,2.7851257,0.05238361,9.135305,4.6972365,0.68304664,0.17528516,255.6072
49.75,14.25,2.7240152,0.028613139,8.863307,4.612652,0.6861875,0.19020104,254.50742
49.75,14.5,2.717474,0.028408263,8.5578785,4.6101766,0.62226224,0.2490251,248.18906
49.75,14.75,2.8422072,0.091463566,8.532928,4.7292094,0.66192067,0.34202707,242.67374
49.75,15.0,2.9647393,0.055909522,8.736693,4.892942,0.6722484,0.38577574,240.15025
50.0,6.0,3.5087564,0.053405214,12.81072,5.8204193,0.2943595,0.5455399,208.35017
50.0,6.25,3.4175727,0.041604273,12.362022,5.715876,0.3454479,0.38368616,221.99797
50.0,6.5,3.3218184,0.024352768,11.908838,5.6365824,0.3788169,0.38257393,224.71729
50.0,6.75,3.269362,0.009526044,11.404103,5.5721064,0.35798913,0.43721205,219.31061
50.0,7.0,3.2193089,0.10790664,11.029651,5.469171,0.4264726,0.4800322,221.61868
50.0,7.25,3.0966995,0.051755458,10.723933,5.221539,0.3710413,0.49125353,217.06357
50.0,7.5,3.014409,0.056668416,10.68637,5.040682,0.4503647,0.39491943,228.75287
50.0,7.75,2.811673,0.07242898,10.177319,4.784187,0.40921086,0.22495295,241.20135
50.0,8.0,2.7211301,0.030870577,9.789502,4.657966,0.36912364,0.106121026,253.96034
50.0,8.25,2.6742766,0.06887224,9.64417,4.617156,0.34254885,0.114631385,251.49757
50.0,8.5,2.7082338,0.03502964,9.640718,4.6800017,0.26175436,0.28699723,222.36623
50.0,8.75,2.8054872,0.05388494,9.891832,4.7605014,0.16630086,0.43347058,200.9893
50.0,9.0,2.8295712,0.054933984,9.488666,4.749281,0.121964924,0.46515858,194.69226
50.0,9.25,2.7946658,0.04875591,9.086064,4.717842,0.1477931,0.41939902,199.41208
50.0,9.5,2.7425165,0.04788398,9.27476,4.6947284,0.19092506,0.29328144,213.06396
50.0,9.75,2.7093527,0.048454788,9.561176,4.645023,0.274015,0.20230886,233.56107
50.0,10.0,2.7189007,0.062172934,9.864222,4.646849,0.29572168,0.15708633,242.02292
50.0,10.25,2.6903884,0.04429265,9.715817,4.6009426,0.31641912,0.20134434,237.53052
50.0,10.5,2.6621375,0.0044497624,9.166437,4.5466094,0.28081617,0.23469484,230.11249
50.0,10.75,2.6566584,0.07954296,8.378898,4.50359,0.22106618,0.2783718,218.4545
50.0,11.0,2.6695566,0.03724329,8.064062,4.5422935,0.17387512,0.2868436,211.22287
50.0,11.25,2.7170813,0.023124235,8.492759,4.644347,0.1617681,0.3048147,207.95532
50.0,11.5,2.786818,0.06630403,9.073867,4.7336926,0.27812082,0.32709235,220.37393
50.0,11.75,2.8148677,0.07429488,9.24313,4.763057,0.31957456,0.28764215,228.01031
50.0,12.0,2.815949,0.06846203,8.992829,4.7476144,0.3443683,0.28690347,230.20132
50.0,12.25,2.7884514,0.05356276,9.050299,4.749033,0.38674834,0.19833995,242.84944
50.0,12.5,2.8404803,0.040072557,9.3351145,4.896111,0.5271062,0.1430518,254.81618
50.0,12.75,2.7776687,0.021542542,9.514484,4.9271,0.71602184,-0.0027269016,270.2182
50.0,13.0,2.7613719,0.010051976,9.454583,4.922901,0.86195827,-0.09071183,276.00766
50.0,13.25,2.7098794,0.034118026,8.669748,4.874125,0.8232115,-0.0050974065,270.35477
50.0,13.5,2.7543159,0.049470436,9.013055,4.905923,0.8383586,0.11425849,262.23907
50.0,13.75,2.8701792,0.047957137,9.565061,4.922626,0.82368237,0.24225551,253.61072
50.0,14.0,2.8625448,0.085749425,9.651503,4.9139905,0.80541027,0.2263663,254.3016
50.0,14.25,2.804509,0.03857655,9.378398,4.826541,0.80845994,0.24114506,253.39136
50.0,14.5,2.756434,0.02928092,8.738427,4.7422004,0.73996663,0.24988216,251.34048
50.0,14.75,2.742472,0.038027678,9.228148,4.6708937,0.67400223,0.2534989,249.38823
50.0,15.0,2.8528512,0.055302586,9.186468,4.823217,0.6710426,0.28997174,246.6298
50.25,6.0,3.810535,0.14333504,13.127444,6.288186,0.43638682,0.86664826,206.7268
50.25,6.25,3.7477298,0.03394901,12.82572,6.1872306,0.5117011,0.6706116,217.34496
50.25,6.5,3.634861,0.08347842,12.433204,6.080623,0.5948132,0.63948727,222.92715
50.25,6.75,3.4365149,0.08056434,11.878898,5.8162665,0.62919134,0.5634011,228.15756
50.25,7.0,3.2403884,0.07270559,11.455969,5.480207,0.6149342,0.5938571,225.99893
50.25,7.25,3.1244617,0.017948857,11.176895,5.2254853,0.5598166,0.6049719,222.77994
50.25,7.5,3.0191407,0.063673146,10.760633,5.023326,0.38395008,0.5428226,215.2726
50.25,7.75,2.9582691,0.09487471,10.483744,4.897766,0.3333189,0.41393563,218.84253
50.25,8.0,2.8414748,0.03256443,10.104221,4.746842,0.29345295,0.2957088,224.78062
50.25,8.25,2.7030153,0.06958989,9.943754,4.644507,0.34508055,0.22130021,237.32794
50.25,8.5,2.6934607,0.021847006,10.02323,4.622132,0.308655,0.2382041,232.34088
50.25,8.75,2.7641582,0.07794321,10.122008,4.6953316,0.21013525,0.34554315,211.30505
50.25,9.0,2.789834,0.024933757,9.677893,4.6959734,0.13669786,0.38855693,199.38234
50.25,9.25,2.8600476,0.021609731,9.365495,4.812232,0.13763909,0.45233807,196.92415
50.25,9.5,2.8635426,0.02773192,9.241451,4.844027,0.20220548,0.38253012,207.86095
50.25,9.75,2.8241343,0.034529835,9.527236,4.8242455,0.28482398,0.29197,224.29019
50.25,10.0,2.7643442,0.020159915,9.523538,4.73904,0.36239114,0.19515465,241.69669
50.25,10.25,2.704682,0.04751414,9.301626,4.655561,0.32928267,0.16465034,243.4337
50.25,10.5,2.6767921,0.035385147,8.81045,4.6035733,0.29385418,0.1978763,236.04436
50.25,10.75,2.6835957,0.017806124,8.094585,4.5995917,0.21798097,0.24173133,222.04253
50.25,11.0,2.7364392,0.017855939,8.083947,4.7052646,0.2951345,0.30094355,224.44165
50.25,11.25,2.7928002,0.05748801,8.588839,4.797242,0.29986894,0.32971513,222.28586
50.25,11.5,2.9080474,0.06655291,9.142769,4.9103575,0.44127753,0.38632947,228.79852
50.25,11.75,2.9760523,0.09561926,9.710349,4.9466205,0.512117,0.49126154,226.19073
50.25,12.0,2.9660869,0.08610107,9.225822,4.92473,0.54786855,0.50570977,227.29146
50.25,12.25,2.9200995,0.05439998,9.288012,4.923693,0.5900402,0.41755804,234.71384
50.25,12.5,2.8968093,0.035738286,9.588064,5.0026283,0.5920339,0.29047796,243.8654
50.25,12.75,2.8212578,0.088268235,9.436074,4.9952464,0.797914,0.107753865,262.30905
50.25,13.0,2.7719254,0.029818535,9.380755,4.9741683,0.9430742,0.020316962,268.76584
50.25,13.25,2.6689897,0.031186583,8.921686,4.8606806,0.97253895,0.06656746,266.08438
50.25,13.5,2.5597248,0.026864419,9.04454,4.7456913,0.87357336,-0.0071297935,270.46762
50.25,13.75,2.654944,0.111848734,9.73733,4.793452,0.82441646,0.115030706,262.05682
50.25,14.0,2.6854966,0.01864473,9.458999,4.832124,0.7823806,0.087515056,263.61758
50.25,14.25,2.7704637,0.042949174,9.196129,4.90598,0.67217886,0.10571434,261.06223
50.25,14.5,2.775389,0.06810532,8.9845085,4.820006,0.5848944,0.09441264,260.8305
50.25,14.75,2.7751572,0.051311024,9.355682,4.7736573,0.5193401,0.098029494,259.31073
50.25,15.0,2.7732654,0.045264784,9.685888,4.795155,0.41500154,0.063614026,261.2852
50.5,6.0,3.8916175,0.09623854,13.083329,6.473868,0.6150966,1.1784875,207.56174
50.5,6.25,3.9535944,0.14638875,13.138019,6.5434475,0.7982476,1.1156158,215.58455
50.5,6.5,3.8273528,0.06891971,12.800494,6.3018894,0.8864132,1.0384051,220.48505
50.5,6.75,3.6549997,0.048723016,12.289045,6.054285,0.9320985,0.9573388,224.23465
50.5,7.0,3.2611187,0.08939594,11.494911,5.423429,0.7576791,0.8413621,222.00426
50.5,7.25,3.1023886,0.025994977,11.084659,5.1664386,0.49215266,0.7387434,213.67165
50.5,7.5,2.994468,0.03344844,10.699542,4.951478,0.23676495,0.6303228,200.58743
50.5,7.75,2.9963193,0.04753616,10.546131,4.9412494,0.21747029,0.51676667,202.82275
50.5,8.0,2.9645917,0.05988467,10.2228155,4.907665,0.29302543,0.40584734,215.82962
50.5,8.25,2.8362,0.04718292,9.999568,4.7722387,0.3703051,0.29649284,231.31673
50.5,8.5,2.8081472,0.044566803,10.081449,4.769316,0.335099,0.30770147,227.4406
50.5,8.75,2.8451128,0.12330043,10.24903,4.8249216,0.25932935,0.38898146,213.69092
50.5,9.0,2.903206,0.02128833,10.196168,4.888437,0.23368278,0.5000844,205.04605
50.5,9.25,2.9796832,0.060930856,9.952698,5.010976,0.24082372,0.5735774,202.77573
50.5,9.5,3.0124352,0.033156425,9.320133,5.0296245,0.33059612,0.5821227,209.5929
50.5,9.75,2.9616768,0.03352389,9.336765,4.9553194,0.37498,0.55658287,213.96887
50.5,10.0,2.8689728,0.04581216,9.218032,4.823217,0.4358361,0.45603284,223.70273
50.5,10.25,2.782481,0.051996745,8.893104,4.756838,0.37906817,0.37434417,225.35925
50.5,10.5,2.7556481,0.054163404,8.829193,4.779225,0.40816125,0.3377758,230.39038
50.5,10.75,2.8132815,0.05600508,8.739821,4.902897,0.39684996,0.33390164,229.92342
50.5,11.0,2.8934062,0.059560347,8.769501,5.012001,0.49787548,0.40563765,230.82901
50.5,11.25,2.9748266,0.05552476,8.930642,5.10539,0.6479608,0.4872757,233.05632
50.5,11.5,3.058592,0.040778738,9.202443,5.10748,0.7427262,0.6052971,230.8211
50.5,11.75,3.1607108,0.14670454,9.466551,5.1897917,0.8113633,0.72746325,228.12079
50.5,12.0,3.1401072,0.068487056,9.348232,5.155358,0.7580366,0.75682956,225.04565
50.5,12.25,3.1253896,0.025721956,9.362655,5.1277137,0.72776663,0.7619931,223.6839
50.5,12.5,3.0694332,0.012030759,9.549751,5.118129,0.69699055,0.6456292,227.19077
50.5,12.75,2.96849,0.011475837,9.302447,5.0581894,0.9067972,0.4605159,243.07632
50.5,13.0,2.9577217,0.06390834,9.376061,5.087705,0.9898675,0.27927023,254.2447
50.5,13.25,2.7007232,0.008399156,8.981099,4.8284583,0.99654067,0.09369917,264.6286
50.5,13.5,2.5244904,0.011496543,8.781098,4.6670337,0.87672263,-0.00879218,270.57455
50.5,13.75,2.4077,0.041032385,8.426887,4.4852676,0.70613855,-0.10681308,278.60156
50.5,14.0,2.4617581,0.029727275,8.676988,4.512989,0.58441293,-0.08669299,278.43784
50.5,14.25,2.584238,0.035926864,8.529888,4.604775,0.46249884,-0.058048945,277.15387
50.5,14.5,2.715399,0.026854364,8.385295,4.682552,0.335743,-0.048197813,278.1693
50.5,14.75,2.7846835,0.00052193087,8.655571,4.7094293,0.21228525,-0.011706372,273.15634
50.5,15.0,2.8078992,0.056208815,8.929702,4.762231,0.06549262,-0.09110681,324.28934
50.75,6.0,3.677386,0.13094108,12.747843,6.2337065,0.8447835,1.1747078,215.72156
50.75,6.25,3.6931207,0.12236266,12.8464575,6.25652,1.0306209,1.1404332,222.10445
50.75,6.5,3.5120847,0.047171343,12.452877,5.895824,0.9786832,1.0358001,223.37592
50.75,6.75,3.37469,0.053620186,11.987184,5.6301036,0.8296492,0.9590447,220.8624
50.75,7.0,3.184668,0.06347727,11.210398,5.2836137,0.5032778,0.8487075,210.66766
50.75,7.25,3.129573,0.095841534,10.909292,5.164246,0.2509609,0.75374526,198.41528
50.75,7.5,3.1919615,0.021107363,10.860032,5.2022543,0.06558259,0.69113404,185.42065
50.75,7.75,3.1423936,0.05642329,10.594935,5.160331,0.15029906,0.57413536,194.66989
50.75,8.0,3.0925827,0.032510962,10.262355,5.1252966,0.2621091,0.46034577,209.65608
50.75,8.25,2.995271,0.08773215,10.067584,5.041811,0.42712742,0.36589223,229.4155
50.75,8.5,2.9647467,0.022400921,10.098119,5.00031,0.47247213,0.37356794,231.66776
50.75,8.75,2.983443,0.031418186,10.2561865,5.033139,0.42946905,0.4745252,222.14667
50.75,9.0,3.001333,0.022193488,10.191347,5.06514,0.4219115,0.59599006,215.29533
50.75,9.25,3.0373185,0.113222815,10.032746,5.1009417,0.42345148,0.6816847,211.84789
50.75,9.5,3.085059,0.03481284,9.639094,5.1413536,0.50017977,0.73484486,214.24158
50.75,9.75,3.0463328,0.06389866,9.298575,5.0554132,0.52114797,0.7354575,215.32153
50.75,10.0,2.9830267,0.063580684,9.558632,4.953659,0.5204481,0.71688396,215.97914
50.75,10.25,2.9584622,0.07292183,9.636043,4.9563284,0.55126804,0.68476105,218.83586
50.75,10.5,2.959158,0.01924907,9.695327,5.0289125,0.605695,0.66292363,222.41708
50.75,10.75,3.0177913,0.090825036,9.798663,5.1887913,0.7408246,0.6751143,227.65706
50.75,11.0,3.0134284,0.08021329,9.559574,5.1733994,0.84890646,0.67799836,231.3866
50.75,11.25,3.042011,0.041459367,10.040604,5.199751,0.98240113,0.7003435,234.51532
50.75,11.5,3.0461512,0.15519744,9.715,5.1305776,1.0051738,0.71339583,234.63577
50.75,11.75,3.0721974,0.076060824,9.616481,5.132141,1.0277176,0.7368113,234.36177
50.75,12.0,3.101175,0.051362764,9.625651,5.153031,1.0256767,0.806775,231.81218
50.75,12.25,3.1065812,0.07180021,9.741803,5.148763,0.9872045,0.8753535,228.43661
50.75,12.5,3.120101,0.092557296,9.903029,5.1933126,0.931405,0.9412455,224.69893
50.75,12.75,3.1576214,0.04112262,9.846611,5.1735225,0.94980973,0.8615609,227.78922
50.75,13.0,3.148948,0.0930192,9.629471,5.166297,0.9691741,0.7072079,233.88171
50.75,13.25,3.0298727,0.028631315,9.341014,5.0215564,0.9789943,0.45650128,245.00055
50.75,13.5,2.8638356,0.052718062,9.126031,4.833061,0.89513946,0.30869988,250.97261
50.75,13.75,2.625076,0.06683266,8.564185,4.55167,0.75146186,0.13397992,259.89084
50.75,14.0,2.5972486,0.07394885,8.313767,4.5083213,0.6256514,0.116870455,259.4192
50.75,14.25,2.6655293,0.030389996,8.395663,4.5410924,0.53581345,0.13910742,255.44623
50.75,14.5,2.8509548,0.0065139304,8.437265,4.733175,0.43194446,0.25469574,239.4743
50.75,14.75,2.9475245,0.058323,8.453944,4.9101434,0.31921437,0.34660956,222.6439
50.75,15.0,3.0146494,0.036715887,8.450992,4.999614,0.21469499,0.43253258,206.3983
51.0,6.0,3.41403,0.1341244,12.269466,5.7405963,0.8159981,0.85793155,223.56499
51.0,6.25,3.422377,0.045966778,12.592423,5.7262664,0.8711804,0.8262655,226.51572
51.0,6.5,3.3027968,0.027448801,12.2756815,5.503374,0.69763654,0.7825514,221.71667
51.0,6.75,3.2518096,0.034215763,11.901649,5.393497,0.49943954,0.767952,213.03807
51.0,7.0,3.2883253,0.04593943,11.4315405,5.404681,0.26332814,0.8067881,198.0762
51.0,7.25,3.3815436,0.05589295,11.349767,5.5385747,0.17006397,0.86358505,191.1406
51.0,7.5,3.5210774,0.1418854,11.481478,5.738505,0.16747174,0.9501232,189.99646
51.0,7.75,3.4044588,0.10536855,10.800536,5.573663,0.24936317,0.8747537,195.9111
51.0,8.0,3.299195,0.07598118,10.320183,5.403644,0.36536008,0.7647151,205.5372
51.0,8.25,3.21238,0.0921407,9.973666,5.260462,0.55182666,0.57920444,223.61337
51.0,8.5,3.151536,0.07432443,9.925803,5.198988,0.6607814,0.5130705,232.17209
51.0,8.75,3.1270256,0.012483778,10.057528,5.1926394,0.72639287,0.5112908,234.85919
51.0,9.0,3.044013,0.065863214,9.942298,5.123961,0.6542802,0.56726384,229.07457
51.0,9.25,3.010844,0.111968696,9.8034,5.103556,0.6072255,0.61224,224.7644
51.0,9.5,3.0375774,0.020155128,9.784945,5.121429,0.6154759,0.64099455,223.83649
51.0,9.75,3.0491233,0.009307424,9.629864,5.118632,0.6432946,0.66611207,224.00168
51.0,10.0,3.0714288,0.067090414,9.418411,5.092904,0.67945904,0.6910699,224.51462
51.0,10.25,3.1117108,0.017256469,9.453415,5.24166,0.8133657,0.699967,229.28534
51.0,10.5,3.1402345,0.022874761,9.745143,5.3583746,0.9384985,0.693277,233.5464
51.0,10.75,3.106795,0.06430375,10.152101,5.387546,1.0593348,0.65509766,238.26715
51.0,11.0,3.0367262,0.009591092,9.9411745,5.2862215,1.0752398,0.6147421,240.2423
51.0,11.25,2.9590626,0.013910837,9.636855,5.138302,1.0460901,0.5759419,241.1643
51.0,11.5,2.973706,0.056103185,9.390787,5.0792418,1.0478181,0.5579961,241.96329
51.0,11.75,3.0102255,0.02218312,9.282762,5.06161,1.0737871,0.55895525,242.50096
51.0,12.0,3.068548,0.05197983,9.38743,5.0878925,1.1499908,0.6007641,242.41708
51.0,12.25,3.049731,0.039193306,9.394523,5.068906,1.1376412,0.6532186,240.13612
51.0,12.5,3.0089674,0.032286912,9.361604,5.0171194,1.0864764,0.70821226,236.90196
51.0,12.75,3.0797906,0.037892047,9.594747,5.0530906,1.0708514,0.7889441,233.61926
51.0,13.0,3.1590824,0.028325232,9.759567,5.1426525,1.0766798,0.8331541,232.26666
51.0,13.25,3.2489438,0.012069306,10.0458355,5.2688136,1.1249598,0.8643015,232.46509
51.0,13.5,3.203551,0.056383424,10.047412,5.206679,1.0613282,0.8191257,232.3393
51.0,13.75,3.1007845,0.007885266,9.797964,5.0968065,0.9409241,0.732484,232.1002
51.0,14.0,3.1121604,0.07093595,9.329894,5.1653476,0.86251736,0.6795186,231.76784
51.0,14.25,3.1718922,0.06874127,8.98827,5.2829638,0.82813543,0.68192303,230.53046
51.0,14.5,3.285014,0.042505417,8.756086,5.46175,0.87714726,0.79703164,227.73973
51.0,14.75,3.3311195,0.074324705,8.998661,5.509195,0.8623946,0.9115531,223.41266
51.0,15.0,3.356467,0.013162755,9.639951,5.577965,0.83154625,1.0287936,218.94768
51.25,6.0,3.3668492,0.049897,11.958581,5.5444913,0.7092578,0.7300644,224.1718
51.25,6.25,3.3408673,0.06591612,12.150838,5.4942994,0.6709026,0.730501,222.56482
51.25,6.5,3.3836284,0.13740546,12.149797,5.5346117,0.5659779,0.8120335,214.87605
51.25,6.75,3.407054,0.07161188,12.060087,5.546189,0.42170003,0.862349,206.05925
51.25,7.0,3.500552,0.052236844,11.938369,5.6747527,0.38241813,1.0049702,200.83316
51.25,7.25,3.5595686,0.07228739,11.751937,5.8679447,0.44667652,1.11632,201.80798
51.25,7.5,3.6353424,0.07486557,11.604346,6.0764475,0.5359898,1.2100613,203.89069
51.25,7.75,3.5061328,0.041514553,11.207347,5.8797717,0.5612243,1.1805092,205.42682
51.25,8.0,3.423908,0.005224927,10.840215,5.7571454,0.5978844,1.1389794,207.69633
51.25,8.25,3.4345825,0.028630275,10.532788,5.685056,0.6897213,1.0460838,213.39833
51.25,8.5,3.3766978,0.03172159,10.357949,5.5844064,0.8163373,0.9357253,221.1018
51.25,8.75,3.3875482,0.03626313,10.148538,5.541405,0.9505283,0.8060773,229.70103
51.25,9.0,3.2591317,0.09578186,9.988947,5.348567,0.865707,0.76706487,228.45726
51.25,9.25,3.1899447,0.00209596,10.047518,5.251815,0.80713856,0.7666241,226.47469
51.25,9.5,3.0741494,0.059098724,9.888045,5.116386,0.7467737,0.7478719,224.95792
51.25,9.75,3.019058,0.08394295,9.6951475,5.028665,0.72847074,0.7251367,225.13141
51.25,10.0,3.012767,0.072671495,9.490268,4.997614,0.7388057,0.7117537,226.0684
51.25,10.25,3.095259,0.008928269,9.369661,5.1920624,0.87235206,0.6274158,234.27544
51.25,10.5,3.1592262,0.06859126,9.816908,5.3499966,1.0028001,0.5066753,243.19434
51.25,10.75,3.133996,0.0025646116,9.811449,5.3899474,1.1267047,0.36817765,251.90396
51.25,11.0,3.0702527,0.11627657,9.775209,5.2984967,1.148377,0.34298715,253.37064
51.25,11.25,3.00321,0.045663808,9.560822,5.169781,1.124484,0.35975605,252.25897
51.25,11.5,3.044487,0.0226759,9.489447,5.118228,1.1547225,0.4535329,248.55692
51.25,11.75,3.0952716,0.051865757,9.4408865,5.1041093,1.1835041,0.50667787,246.82343
51.25,12.0,3.1276512,0.027840504,9.629969,5.085909,1.1648432,0.57288957,243.81126
51.25,12.25,3.1178677,0.029002443,9.693812,5.0911045,1.131015,0.5896027,242.46678
51.25,12.5,3.0957048,0.08472208,9.676602,5.089335,1.0874224,0.5958128,241.2811
51.25,12.75,3.1173694,0.052876607,9.534073,5.085165,1.1335772,0.6280046,241.01344
51.25,13.0,3.112544,0.032931544,9.728528,5.069211,1.1667424,0.6376192,241.34361
51.25,13.25,3.0607285,0.11059605,9.893209,5.009177,1.1375073,0.6307003,240.99347
51.25,13.5,3.032276,0.10496625,9.914331,4.968055,1.0692917,0.6352484,239.28616
51.25,13.75,3.0345533,0.14330792,9.9312725,4.964814,0.9577332,0.67397237,234.86533
51.25,14.0,3.1826506,0.048051324,9.996076,5.1588216,0.97046536,0.7701506,231.56488
51.25,14.25,3.2894619,0.06655409,9.849034,5.337382,0.981219,0.83028245,229.76295
51.25,14.5,3.3753273,0.06475704,9.804176,5.449466,1.0880044,0.869379,231.37311
51.25,14.75,3.3531487,0.0686432,9.681215,5.4440002,1.1375151,0.85418195,233.0964
51.25,15.0,3.305582,0.05876526,9.555494,5.3898225,1.146814,0.847815,233.52528
51.5,6.0,3.4376466,0.03247131,12.12616,5.6049323,0.6514814,0.68816674,223.4314
51.5,6.25,3.3793848,0.06908638,12.172118,5.5094166,0.61876106,0.6958283,221.6449
51.5,6.5,3.4140139,0.13487056,12.351232,5.5651226,0.56748813,0.79295224,215.58997
51.5,6.75,3.4584992,0.067859806,12.50212,5.657477,0.57907254,0.9007886,212.73497
51.5,7.0,3.508213,0.07204776,12.589203,5.764636,0.63359493,1.0102869,212.09363
51.5,7.25,3.5436084,0.15636283,12.342142,5.9247994,0.69326156,1.1076914,212.04088
51.5,7.5,3.512869,0.06664177,11.865227,5.9564586,0.792254,1.1501259,214.56067
51.5,7.75,3.4622817,0.04207046,11.596389,5.900522,0.78459245,1.195573,213.27481
51.5,8.0,3.402259,0.1051287,11.282735,5.7818007,0.81686336,1.1697476,214.92755
51.5,8.25,3.4799562,0.021935968,11.221817,5.8861384,0.8460946,1.1665148,215.95407
51.5,8.5,3.5076208,0.049118266,10.930342,5.8904285,0.8960601,1.10047,219.15428
51.5,8.75,3.5065856,0.06500677,10.927723,5.780443,0.9880739,0.98782843,225.00711
51.5,9.0,3.3666544,0.02920751,10.343198,5.486081,0.935831,0.90256214,226.03676
51.5,9.25,3.2330868,0.07160598,9.965094,5.233389,0.89554167,0.81199926,227.801
51.5,9.5,3.0732143,0.014404361,9.744029,5.013522,0.8343184,0.7773562,227.0242
51.5,9.75,3.0087643,0.029843984,9.545192,4.945191,0.7880424,0.75243974,226.32394
51.5,10.0,2.9683406,0.025849847,9.3009815,4.931687,0.68025523,0.7187364,223.42441
51.5,10.25,3.074427,0.096857525,9.488491,5.1742578,0.81182224,0.59385526,233.8142
51.5,10.5,3.1307476,0.025909783,9.492641,5.3454456,0.9411511,0.4703289,243.44696
51.5,10.75,3.1597545,0.046288237,9.82262,5.4259973,1.1556692,0.36273822,252.57411
51.5,11.0,3.1550758,0.09610734,9.8325405,5.357856,1.2375553,0.34978518,254.21748
51.5,11.25,3.1084871,0.070716895,9.628623,5.2473683,1.2346832,0.37621245,253.05383
51.5,11.5,3.1054912,0.035479285,9.387063,5.1214867,1.2219574,0.4220604,250.94525
51.5,11.75,3.0680351,0.01692904,9.260132,5.0024824,1.1557077,0.43439606,249.40025
51.5,12.0,3.0190656,0.024519678,9.313924,4.909579,1.0498224,0.450273,246.78531
51.5,12.25,3.0252445,0.067906134,9.35908,4.9297805,1.0248487,0.47774306,245.00697
51.5,12.5,3.0778375,0.08428266,9.511973,5.0150805,1.0176265,0.5122562,243.28008
51.5,12.75,3.1025188,0.045166556,9.498681,5.063256,1.0631039,0.5083565,244.44374
51.5,13.0,3.0994327,0.04851988,9.658551,5.050547,1.0913218,0.5123975,244.849
51.5,13.25,3.0777485,0.05563751,9.821503,5.024906,1.0494977,0.48723924,245.09647
51.5,13.5,3.1115823,0.06975641,10.008969,5.039527,1.0397015,0.52124065,243.3737
51.5,13.75,3.1526103,0.020070761,10.137019,5.0631847,0.9979124,0.5748641,240.05519
51.5,14.0,3.2354293,0.05425303,10.214777,5.158451,1.0127685,0.6667643,236.64078
51.5,14.25,3.2833512,0.049232055,10.321763,5.210396,1.0347648,0.73221254,234.7163
51.5,14.5,3.3161192,0.034130283,10.299055,5.283923,1.0735734,0.7519266,234.99275
51.5,14.75,3.3094876,0.01945014,10.188339,5.2868485,1.1321994,0.7345042,237.02687
51.5,15.0,3.3094454,0.10389831,10.065087,5.3003426,1.189718,0.6830491,240.13872
51.75,6.0,3.5181217,0.06807892,12.481767,5.7321033,0.6570614,0.708975,222.82364
51.75,6.25,3.4426434,0.039151452,12.359325,5.591438,0.63813347,0.71831447,221.61713
51.75,6.5,3.3845181,0.011375906,12.144608,5.503806,0.61294675,0.7389692,219.67441
51.75,6.75,3.4133956,0.060351636,12.269348,5.5608807,0.62365335,0.84013593,216.5874
51.75,7.0,3.4587867,0.040840164,12.43496,5.65569,0.6956889,0.8922506,217.94359
51.75,7.25,3.4494426,0.144335,12.29105,5.685091,0.75846624,0.897848,220.18979
51.75,7.5,3.4119074,0.034978848,12.056545,5.6908007,0.8398602,0.9196366,222.40396
51.75,7.75,3.363917,0.06355287,12.041377,5.6790977,0.8381876,0.950881,221.3957
51.75,8.0,3.3719494,0.073856235,12.130233,5.6942987,0.8422586,0.97895265,220.70761
51.75,8.25,3.428238,0.07345744,12.130378,5.7706413,0.8474019,1.0272816,219.51913
51.75,8.5,3.4428372,0.07601658,11.768768,5.7477536,0.89169127,0.9695567,222.60443
51.75,8.75,3.426535,0.04190097,11.038485,5.657158,0.87613726,0.98203796,221.73814
51.75,9.0,3.351351,0.011558429,10.40609,5.4774423,0.908061,0.91404456,224.81186
51.75,9.25,3.2156975,0.0434706,10.01052,5.210878,0.87223667,0.8273966,226.51125
51.75,9.5,3.1006758,0.06445233,9.757379,5.067867,0.8678812,0.81025827,226.96661
51.75,9.75,3.098331,0.09269913,9.741558,5.072233,0.82430464,0.85056776,224.10164
51.75,10.0,3.096206,0.1289309,9.648242,5.077445,0.73087716,0.8571612,220.4533
51.75,10.25,3.1662977,0.04148078,9.868317,5.2651367,0.8657709,0.7491736,229.12953
51.75,10.5,3.1812172,0.0458526,10.011387,5.410801,1.0303255,0.64625484,237.90268
51.75,10.75,3.165569,0.07896735,10.010549,5.439777,1.2441803,0.514407,247.53732
51.75,11.0,3.168414,0.039047074,9.919754,5.386633,1.3219504,0.49683765,249.40193
51.75,11.25,3.1489668,0.033159796,9.657482,5.217828,1.2808546,0.4628516,250.1321
51.75,11.5,3.0932055,0.07717089,9.276258,5.0894766,1.1429393,0.41461208,250.06128
51.75,11.75,3.0682755,0.041845564,9.305797,4.9928794,1.0703871,0.42266217,248.4525
51.75,12.0,3.0453308,0.09795634,9.241671,4.9254045,0.981879,0.41357344,247.15887
51.75,12.25,3.0554347,0.054514788,9.388667,4.927577,0.9815615,0.4142385,247.1193
51.75,12.5,3.1017642,0.046645977,9.79094,4.9955416,0.99318683,0.43841547,246.18224
51.75,12.75,3.1148622,0.03435399,9.947313,5.008254,1.0266103,0.43834648,246.87828
51.75,13.0,3.1176407,0.08417397,9.965881,5.004674,1.0249661,0.45200652,246.20268
51.75,13.25,3.1153197,0.018711258,9.871591,4.989985,0.98653746,0.46704403,244.6663
51.75,13.5,3.1423736,0.0055939853,9.896433,4.9902806,0.9770471,0.49722582,243.02815
51.75,13.75,3.1380289,0.095135584,9.910142,4.980851,0.9875738,0.5094117,242.71436
51.75,14.0,3.140822,0.048293103,10.027361,4.997467,0.98432827,0.5253739,241.90944
51.75,14.25,3.1783779,0.081140324,10.148452,5.039208,1.0048091,0.58539027,239.77542
51.75,14.5,3.21315,0.07057626,10.210496,5.0950065,1.0400412,0.6091913,239.64088
51.75,14.75,3.2541401,0.07897756,10.2084675,5.1508074,1.0926441,0.61305296,240.7044
51.75,15.0,3.276825,0.09468519,10.177587,5.200479,1.1512668,0.57959586,243.2774
52.0,6.0,3.6796436,0.016916383,12.898079,5.993489,0.7247976,0.7540019,223.86864
52.0,6.25,3.6118047,0.064094484,12.839082,5.8723135,0.71133006,0.7662419,222.87167
52.0,6.5,3.5054178,0.08618449,12.4959755,5.6813207,0.68540645,0.7812892,221.2597
52.0,6.75,3.4853084,0.08378005,12.422283,5.66284,0.6937862,0.80589306,220.72487
52.0,7.0,3.4797714,0.077731825,12.262918,5.646695,0.7495648,0.81839937,222.4863
52.0,7.25,3.4378927,0.047376264,11.918618,5.587139,0.79936117,0.81201464,224.5501
52.0,7.5,3.4161532,0.08723993,12.1108885,5.5681386,0.80635643,0.7987532,225.27141
52.0,7.75,3.3956773,0.025024684,12.249999,5.5595436,0.813286,0.80518657,225.28673
52.0,8.0,3.4043334,0.06753169,12.325274,5.601274,0.8295625,0.81671715,225.44705
52.0,8.25,3.4228315,0.06327804,12.259829,5.66167,0.83934927,0.87161815,223.91953
52.0,8.5,3.4048846,0.0949753,11.835353,5.6151085,0.8490206,0.89987236,223.3345
52.0,8.75,3.3780246,0.012430295,11.285253,5.544443,0.84435135,0.92881876,222.2727
52.0,9.0,3.3188243,0.06868134,10.72926,5.3926163,0.8669712,0.8923052,224.17499
52.0,9.25,3.2613099,0.058822695,10.489994,5.312653,0.9194409,0.8514575,227.19846
52.0,9.5,3.1879888,0.10024232,10.30634,5.208028,0.93909496,0.85239583,227.77066
52.0,9.75,3.2234845,0.113549925,10.261268,5.2597017,0.943992,0.90615237,226.17166
52.0,10.0,3.291924,0.09442066,10.284606,5.3663087,0.93657607,0.9656908,224.12314
52.0,10.25,3.3718834,0.022487402,10.4072,5.5254817,1.0417296,0.94689596,227.73026
52.0,10.5,3.2830656,0.059086375,10.15369,5.49783,1.1337779,0.78705186,235.2322
52.0,10.75,3.2431798,0.064669855,10.407143,5.495655,1.3116429,0.6365533,244.11224
52.0,11.0,3.1531115,0.08819097,10.19423,5.3080626,1.2575424,0.4711941,249.4593
52.0,11.25,3.1234734,0.103368595,9.944674,5.1645327,1.1988863,0.4376176,249.9469
52.0,11.5,3.0825973,0.050627038,9.748268,5.0292263,1.0851597,0.39946032,249.79074
52.0,11.75,3.0865762,0.03180237,9.650076,4.991435,1.0005403,0.40521145,247.95242
52.0,12.0,3.0949783,0.07137255,9.625584,4.9791226,0.93406504,0.41235718,246.1802
52.0,12.25,3.1548064,0.040997688,9.696652,5.021938,0.9567387,0.4270013,245.94835
52.0,12.5,3.1838126,0.06821362,10.150753,5.0560923,0.99482703,0.4349993,246.38211
52.0,12.75,3.1571548,0.03979062,10.267737,5.0443177,1.0205704,0.42740664,247.27646
52.0,13.0,3.1469965,0.062737994,10.230625,5.0282073,1.0187327,0.42837727,247.19324
52.0,13.25,3.1330667,0.087678105,10.003345,4.992374,0.9861056,0.43834913,246.03363
52.0,13.5,3.124203,0.058549117,9.860703,4.9695983,0.980849,0.4563794,245.04791
52.0,13.75,3.125294,0.11892243,9.681891,4.9461846,0.9678545,0.45088458,245.02109
52.0,14.0,3.125236,0.07470928,9.789273,4.9479823,0.96292394,0.46442425,244.2517
52.0,14.25,3.1246202,0.075495675,9.904993,4.967892,0.96348804,0.47776815,243.6244
52.0,14.5,3.1706426,0.02942295,10.008515,5.0338235,0.9950256,0.49840105,243.39404
52.0,14.75,3.2254171,0.110854775,10.075671,5.12092,1.0378373,0.50199986,244.18704
52.0,15.0,3.2371297,0.08283081,10.207274,5.1508527,1.0831238,0.46885824,246.59337
52.25,6.0,3.746122,0.14235425,12.912701,6.0878754,0.7590172,0.76341784,224.83438
52.25,6.25,3.741131,0.047981486,13.155546,6.0947213,0.7713072,0.78781384,224.39343
52.25,6.5,3.6345406,0.06092407,12.842929,5.894053,0.74718463,0.80182904,222.97961
52.25,6.75,3.615793,0.06334684,12.662599,5.8323345,0.7544949,0.81197345,222.89859
52.25,7.0,3.5671713,0.08177541,12.092526,5.7526693,0.7907758,0.8134857,224.18898
52.25,7.25,3.532342,0.050648976,12.185149,5.684617,0.806669,0.8038746,225.09941
52.25,7.5,3.500451,0.14138824,12.374746,5.6540995,0.8095063,0.79459894,225.53246
52.25,7.75,3.4439383,0.037258364,12.141703,5.533564,0.8222959,0.79241145,226.06029
52.25,8.0,3.4492733,0.0884369,12.229662,5.5751863,0.84179837,0.79430854,226.66261
52.25,8.25,3.440514,0.08158652,12.044443,5.5875754,0.8701753,0.8342932,226.20601
52.25,8.5,3.4130282,0.08595218,11.70367,5.5630884,0.8963552,0.839357,226.88083
52.25,8.75,3.384113,0.04324957,11.360882,5.5270205,0.90254813,0.86904395,226.08345
52.25,9.0,3.3439386,0.06326863,11.152108,5.45213,0.92709523,0.87285703,226.72598
52.25,9.25,3.3077288,0.07292654,11.157264,5.3849487,0.9730514,0.84280366,229.10269
52.25,9.5,3.2839005,0.01775217,11.010401,5.3107123,0.99081504,0.8293101,230.07074
52.25,9.75,3.3169975,0.04701748,10.911269,5.32878,1.0201228,0.87383604,229.41669
52.25,10.0,3.405722,0.06530227,10.853049,5.4582043,1.0817038,0.9263536,229.4238
52.25,10.25,3.4207659,0.029407492,10.468164,5.4816074,1.115785,0.91162354,230.75034
52.25,10.5,3.3411822,0.09290686,10.264687,5.4430914,1.1593328,0.79434806,235.58195
52.25,10.75,3.2373462,0.055085115,10.391619,5.3554425,1.1911733,0.6127311,242.77904
52.25,11.0,3.1939838,0.09189854,10.369885,5.2632413,1.1508063,0.47270933,247.66893
52.25,11.25,3.1869538,0.040981553,10.63717,5.2543993,1.137298,0.43325353,249.14566
52.25,11.5,3.1544893,0.09108924,10.40733,5.128329,1.0525515,0.40236592,249.07932
52.25,11.75,3.1618466,0.08041911,10.021341,5.0997853,0.99541795,0.43083653,246.59608
52.25,12.0,3.1724918,0.028412197,10.007692,5.0597253,0.9558226,0.45453623,244.56683
52.25,12.25,3.1440344,0.042566016,10.061747,5.025977,0.9424498,0.43947843,244.99966
52.25,12.5,3.2041025,0.105162345,9.824684,5.0747685,0.980717,0.45296168,245.2093
52.25,12.75,3.1796725,0.04522351,9.774699,5.04259,1.0032725,0.43934098,246.35101
52.25,13.0,3.1946678,0.07307076,10.1240425,5.0682497,0.9968654,0.4171856,247.29082
52.25,13.25,3.1919756,0.03247845,10.058148,5.0753484,0.9717564,0.40836233,247.20633
52.25,13.5,3.179727,0.06328513,9.922534,5.0592704,0.95142424,0.4012363,247.13379
52.25,13.75,3.2050195,0.061445497,9.90182,5.0569034,0.9621732,0.40132907,247.35864
52.25,14.0,3.221968,0.09693034,9.866152,5.0759273,0.9930014,0.43224373,246.47699
52.25,14.25,3.221591,0.08178441,9.985321,5.0950756,0.98785806,0.44260845,245.8653
52.25,14.5,3.2738369,0.0023686537,10.098966,5.1646323,1.0109304,0.4565492,245.69545
52.25,14.75,3.2899134,0.14172636,10.170107,5.188363,1.012595,0.45803425,245.661
52.25,15.0,3.2742624,0.04358203,10.142644,5.1732717,1.0424831,0.42199898,247.9618
52.5,6.0,3.9621344,0.0053418186,13.166395,6.4068937,0.8020534,0.7638351,226.39813
52.5,6.25,3.765815,0.031236945,13.067023,6.093242,0.79507345,0.7718292,225.8499
52.5,6.5,3.753834,0.12295034,13.199041,6.0713735,0.7903943,0.78252333,225.28671
52.5,6.75,3.7741647,0.15203655,13.086423,6.1043315,0.8142292,0.8002079,225.4976
52.5,7.0,3.7286112,0.07881252,12.641452,6.0030694,0.8452403,0.80916286,226.24925
52.5,7.25,3.673148,0.16118443,12.862457,5.9439816,0.8597242,0.815835,226.50046
52.5,7.5,3.6216054,0.07977876,12.915254,5.8650136,0.86474437,0.80989605,226.8759
52.5,7.75,3.552405,0.04566612,12.622179,5.7174206,0.8716135,0.8054208,227.2603
52.5,8.0,3.4680343,0.18712501,12.13319,5.5433254,0.8760463,0.7879785,228.02953
52.5,8.25,3.4222736,0.047475282,11.735553,5.49065,0.9017395,0.78199446,229.06796
52.5,8.5,3.4303255,0.1434752,11.374575,5.483703,0.9263918,0.7811528,229.86172
52.5,8.75,3.404429,0.047615778,11.436576,5.455751,0.9371515,0.8035292,229.38966
52.5,9.0,3.379248,0.04718636,11.614925,5.430775,0.9533621,0.805476,229.80623
52.5,9.25,3.3761804,0.060076844,11.76985,5.422034,0.9857392,0.78820837,231.35378
52.5,9.5,3.3701444,0.054054156,11.684446,5.3938828,0.99404967,0.7787134,231.92575
52.5,9.75,3.3504703,0.015810816,11.346682,5.3403606,1.0029117,0.7663036,232.61732
52.5,10.0,3.348528,0.020510929,10.876185,5.3295317,1.0266958,0.74928695,233.87787
52.5,10.25,3.3579288,0.025711512,10.538471,5.3455024,1.066632,0.72011507,235.97554
52.5,10.5,3.320531,0.07077558,10.471101,5.3477273,1.0931098,0.6434066,239.51886
52.5,10.75,3.3081932,0.12459137,10.3586035,5.317415,1.1157508,0.5940889,241.96664
52.5,11.0,3.328924,0.06678721,10.227864,5.3376184,1.1086818,0.5349245,244.2433
52.5,11.25,3.2774417,0.039566264,10.265263,5.271903,1.0831409,0.5102224,244.77684
52.5,11.5,3.248739,0.042921096,10.04472,5.2087374,1.0568281,0.4821618,245.47588
52.5,11.75,3.2183766,0.044944603,10.048707,5.154298,1.0070345,0.47015253,244.97362
52.5,12.0,3.2269611,0.08180444,10.332564,5.121296,0.97514427,0.47228324,244.1581
52.5,12.25,3.1840684,0.1154891,10.027604,5.0755267,0.94543034,0.44661078,244.71448
52.5,12.5,3.1595159,0.10126667,10.383546,5.044376,0.93073404,0.43077844,245.16354
52.5,12.75,3.1539783,0.114268325,10.211365,5.030818,0.9318672,0.4032338,246.6011
52.5,13.0,3.197526,0.14561108,10.517405,5.0765414,0.93443125,0.39640388,247.0124
52.5,13.25,3.2448106,0.051310416,10.745406,5.1545315,0.91947275,0.38151065,247.4653
52.5,13.5,3.278101,0.044986125,10.768057,5.2085767,0.9438871,0.38207817,247.96228
52.5,13.75,3.3096037,0.046312597,10.394413,5.2509413,0.975376,0.3856791,248.42537
52.5,14.0,3.3283703,0.056280077,10.197204,5.2717733,1.0178714,0.41182968,247.9718
52.5,14.25,3.344136,0.08991861,10.125404,5.283554,1.0362111,0.4421855,246.89046
52.5,14.5,3.3708332,0.095213704,10.316381,5.3331065,1.0300207,0.45765632,246.04358
52.5,14.75,3.3783164,0.03779432,10.341455,5.3465037,1.0237057,0.46081498,245.7654
52.5,15.0,3.3456762,0.087012544,10.140781,5.2833304,1.0408978,0.43553728,247.29437
52.75,6.0,4.13576,0.118802354,13.345911,6.6850967,0.8446577,0.74993914,228.39935
52.75,6.25,3.8716035,0.12705399,13.045893,6.255467,0.82896537,0.7616395,227.42374
52.75,6.5,3.86064,0.06743214,13.053243,6.221112,0.85090894,0.7829983,227.38004
52.75,6.75,3.9191568,0.08379843,13.015483,6.2894254,0.8796308,0.80765754,227.44254
52.75,7.0,3.8423963,0.07449333,13.267018,6.1674128,0.8928705,0.81859004,227.48518
52.75,7.25,3.7788239,0.053681843,13.476472,6.1021805,0.9070665,0.82918996,227.56818
52.75,7.5,3.6900675,0.09039324,13.284192,5.936413,0.9005589,0.81908834,227.71243
52.75,7.75,3.5909767,0.071209885,12.766727,5.7229824,0.89402115,0.8012382,228.13272
52.75,8.0,3.4636927,0.0663491,12.108029,5.529412,0.88627905,0.7634129,229.25943
52.75,8.25,3.4337175,0.08586531,11.62844,5.4633694,0.8970717,0.74579835,230.2609
52.75,8.5,3.4699562,0.018717429,11.584374,5.50093,0.919811,0.7408984,231.14891
52.75,8.75,3.426407,0.14934891,11.642648,5.4249873,0.918686,0.739722,231.15913
52.75,9.0,3.4011524,0.07692068,11.840826,5.396664,0.9260585,0.74769425,231.0828
52.75,9.25,3.415863,0.03616904,11.978286,5.4041667,0.9333695,0.7399915,231.59201
52.75,9.5,3.4387774,0.048023812,11.926673,5.435106,0.9457471,0.7352666,232.13689
52.75,9.75,3.419179,0.040515468,11.494045,5.3804364,0.96282965,0.72133166,233.16022
52.75,10.0,3.4116569,0.09166168,11.025049,5.351261,0.98758173,0.6961178,234.8211
52.75,10.25,3.417375,0.030625818,10.752994,5.374106,1.0373816,0.65618837,237.68489
52.75,10.5,3.3967488,0.047251955,10.8576565,5.3564124,1.0716141,0.622519,239.84697
52.75,10.75,3.3894763,0.003868306,10.792308,5.3541455,1.1017091,0.59064484,241.8035
52.75,11.0,3.3252473,0.097629674,10.276031,5.2481956,1.0820673,0.5666458,242.36032
52.75,11.25,3.2648404,0.029591518,9.836948,5.1834483,1.0414369,0.5392559,242.62488
52.75,11.5,3.2122416,0.077692956,9.695236,5.124623,0.9759427,0.49945086,242.89833
52.75,11.75,3.171514,0.021536255,9.669322,5.049883,0.91765076,0.45254275,243.74963
52.75,12.0,3.1895099,0.03404463,9.868612,5.0586505,0.89586204,0.43150273,244.28165
52.75,12.25,3.1860058,0.08503294,9.844194,5.0552135,0.8958811,0.40817803,245.50522
52.75,12.5,3.1780891,0.09327677,9.8757925,5.035338,0.8928459,0.40104568,245.8115
52.75,12.75,3.2102861,0.077427074,10.227544,5.07934,0.8982135,0.40060857,245.96284
52.75,13.0,3.2605262,0.025239062,10.733241,5.128363,0.9038404,0.40226728,246.00786
52.75,13.25,3.2992873,0.11140362,10.896098,5.1985955,0.9316634,0.405416,246.4836
52.75,13.5,3.3448608,0.021812545,11.260579,5.2866945,0.95478517,0.40266335,247.1333
52.75,13.75,3.3497474,0.080623075,10.70073,5.298438,1.0045154,0.403093,248.13535
52.75,14.0,3.3660347,0.04373477,10.2341175,5.3314433,1.0346496,0.4043768,248.65273
52.75,14.25,3.3442612,0.1846125,9.980055,5.3103943,1.0234267,0.42019945,247.67789
52.75,14.5,3.335502,0.017168526,10.030769,5.2835817,1.0150766,0.43295687,246.90048
52.75,14.75,3.3292408,0.15708247,9.992183,5.2768803,1.0042964,0.4344799,246.60567
52.75,15.0,3.3575418,0.1343224,9.961163,5.3269844,1.0229368,0.40876698,248.21828
53.0,6.0,4.273391,0.024493968,14.546964,6.928245,0.9391005,0.77409613,230.5014
53.0,6.25,3.9825294,0.057903618,13.543367,6.456847,0.8872432,0.7854082,228.48401
53.0,6.5,3.9588969,0.07179429,13.294392,6.383192,0.8920421,0.80358064,227.98645
53.0,6.75,4.0120325,0.040609542,13.451722,6.4371347,0.9158546,0.82947636,227.83331
53.0,7.0,3.924342,0.12637477,13.780362,6.3030257,0.9182788,0.8319543,227.82364
53.0,7.25,3.8294752,0.010851788,13.866341,6.167081,0.9147001,0.8351002,227.60464
53.0,7.5,3.724328,0.07684991,13.383048,5.961651,0.91743004,0.8112277,228.51562
53.0,7.75,3.6229296,0.08307744,12.809459,5.763972,0.9128134,0.791067,229.08698
53.0,8.0,3.5238807,0.018426402,12.124021,5.565861,0.8971897,0.77646595,229.1257
53.0,8.25,3.4923534,0.08121418,11.885039,5.516629,0.90048724,0.7629611,229.7262
53.0,8.5,3.5180793,0.13702329,11.946303,5.5593495,0.92089427,0.75417817,230.6838
53.0,8.75,3.4570947,0.14925228,11.87362,5.449036,0.9062877,0.74601406,230.54037
53.0,9.0,3.392328,0.053685024,11.725627,5.3387737,0.8833837,0.7382687,230.11354
53.0,9.25,3.411841,0.025722,11.602645,5.3296638,0.88277936,0.74422723,229.86743
53.0,9.5,3.4338286,0.09271241,11.450005,5.3323126,0.88764095,0.74281746,230.07591
53.0,9.75,3.4475265,0.08142376,11.155122,5.3536253,0.95120746,0.73663014,232.24524
53.0,10.0,3.4758573,0.033268675,10.848646,5.399784,1.0141906,0.7258903,234.40742
53.0,10.25,3.5386236,0.027131697,11.290347,5.508583,1.0945692,0.72716093,236.40251
53.0,10.5,3.5006752,0.034900453,11.378132,5.4620414,1.1199671,0.68645245,238.49495
53.0,10.75,3.4050694,0.070835434,11.198587,5.320476,1.1087058,0.61773586,240.87483
53.0,11.0,3.3477638,0.17048198,10.596587,5.2418156,1.0590755,0.5775263,241.39584
53.0,11.25,3.3058493,0.008751311,9.960764,5.180365,1.0036621,0.5408385,241.68132
53.0,11.5,3.2972908,0.05144422,9.752516,5.1789804,0.94185907,0.5252583,240.85236
53.0,11.75,3.3157089,0.023393271,9.50357,5.197254,0.90372133,0.51483625,240.33049
53.0,12.0,3.314534,0.06737564,9.622654,5.219022,0.9204363,0.47696418,242.6071
53.0,12.25,3.3073225,0.06954225,9.489418,5.2138953,0.92968935,0.4495299,244.19498
53.0,12.5,3.2842932,0.09960337,9.539008,5.1926117,0.92770356,0.43766946,244.74313
53.0,12.75,3.2640789,0.019100409,9.721261,5.1639504,0.9257084,0.42342156,245.42052
53.0,13.0,3.2350094,0.07734424,10.0335,5.131364,0.9036214,0.4128523,245.44499
53.0,13.25,3.2988245,0.08649888,10.043217,5.2034707,0.9479053,0.42504415,245.84836
53.0,13.5,3.3914523,0.10538145,10.028984,5.331249,1.0099316,0.43882862,246.51442
53.0,13.75,3.415629,0.03498106,10.162525,5.3835936,1.0467118,0.44657835,246.89455
53.0,14.0,3.4437869,0.16965932,10.164113,5.4569635,1.0733553,0.45067737,247.22357
53.0,14.25,3.392854,0.09652791,9.971666,5.376456,1.0389334,0.44353327,246.88177
53.0,14.5,3.3878853,0.03900267,9.907017,5.3711987,1.0097893,0.4437849,246.27534
53.0,14.75,3.4367626,0.041269567,10.014788,5.4375296,1.0042381,0.4364191,246.51132
53.0,15.0,3.4926615,0.022647005,10.221297,5.5454917,1.0273587,0.41114897,248.18872
53.25,6.0,4.584984,0.16485393,15.245733,7.3710823,1.0185525,0.7679733,232.98425
53.25,6.25,4.347105,0.08675645,14.531054,6.9649196,0.95711166,0.7573775,231.64488
53.25,6.5,4.277837,0.11684946,14.092354,6.8297167,0.9530474,0.7697253,231.07405
53.25,6.75,4.2664742,0.08117022,13.850261,6.7718363,0.96389383,0.7880262,230.73247
53.25,7.0,4.0647864,0.13977751,13.855799,6.47987,0.9347014,0.7899454,229.7978
53.25,7.25,3.8954945,0.16087364,13.725441,6.1886973,0.91012967,0.79407215,228.89587
53.25,7.5,3.7769928,0.104000956,13.091372,5.985337,0.90843403,0.80733055,228.37233
53.25,7.75,3.671851,0.032943953,12.435613,5.811182,0.90517026,0.80536276,228.33936
53.25,8.0,3.5767553,0.023862218,12.445543,5.6825285,0.9001149,0.78314906,228.97495
53.25,8.25,3.5259876,0.018411005,12.353418,5.6016607,0.89409107,0.76488966,229.45322
53.25,8.5,3.5074139,0.038896505,12.123816,5.53205,0.8874361,0.7492905,229.82454
53.25,8.75,3.4479973,0.0625881,11.8105345,5.40818,0.870858,0.7413669,229.59204
53.25,9.0,3.394537,0.054157734,11.459976,5.2833767,0.850724,0.73514557,229.16837
53.25,9.25,3.452516,0.09963169,11.339489,5.3492527,0.89725006,0.7727792,229.2625
53.25,9.5,3.5106854,0.045193147,11.190624,5.4112,0.94526047,0.799201,229.78607
53.25,9.75,3.5322309,0.09024822,10.867913,5.433163,1.0091746,0.786058,232.08456
53.25,10.0,3.5498624,0.12960859,11.004998,5.4682026,1.061356,0.7630682,234.28552
53.25,10.25,3.5448236,0.06755865,11.334534,5.5051346,1.0958703,0.725266,236.50272
53.25,10.5,3.4865637,0.062347174,11.332271,5.4188485,1.0858562,0.6767985,238.0653
53.25,10.75,3.3976114,0.071288966,11.098628,5.2752404,1.0415615,0.6196103,239.25218
53.25,11.0,3.3667107,0.06590432,10.578794,5.222004,1.0000732,0.5842316,239.707
53.25,11.25,3.3636081,0.011354528,10.161277,5.2197466,0.9586895,0.5540746,239.97424
53.25,11.5,3.3243425,0.10230404,10.007843,5.211012,0.9139788,0.558064,238.59229
53.25,11.75,3.3256872,0.07452588,10.052643,5.2383256,0.8882408,0.56195486,237.68008
53.25,12.0,3.434768,0.024374744,9.936633,5.3983903,0.9361417,0.5624156,239.00339
53.25,12.25,3.5110898,0.036423415,9.991646,5.510458,0.9803341,0.5552383,240.4738
53.25,12.5,3.5420609,0.097102225,10.060163,5.5632515,1.0258228,0.53950554,242.259
53.25,12.75,3.5404918,0.045033067,10.037947,5.5444875,1.0465827,0.51780075,243.67592
53.25,13.0,3.5239275,0.11578952,10.132689,5.5090094,1.0509223,0.49217647,244.90498
53.25,13.25,3.5504563,0.13234802,10.25952,5.544795,1.1035421,0.48224762,246.39468
53.25,13.5,3.6012821,0.1913953,10.367487,5.6260867,1.1698471,0.47456446,247.9194
53.25,13.75,3.5804374,0.03527027,10.507731,5.643631,1.1813412,0.48685163,247.60257
53.25,14.0,3.5742507,0.10613876,10.863941,5.6602907,1.18334,0.49979344,247.10283
53.25,14.25,3.5582883,0.035912696,10.876058,5.643637,1.1395758,0.52093935,245.43323
53.25,14.5,3.5670733,0.05917071,10.862017,5.6634707,1.099606,0.537643,243.94408
53.25,14.75,3.600075,0.036839716,10.805829,5.725019,1.0652072,0.5475745,242.79437
53.25,15.0,3.6244824,0.08113486,10.808936,5.762951,1.0420567,0.5215013,243.41415
53.5,6.0,6.6859016,0.08437708,18.98073,10.352772,1.4273795,0.78309554,241.24974
53.5,6.25,6.6631513,0.13008633,18.889133,10.280294,1.417232,0.7701101,241.48077
53.5,6.5,6.3877554,0.057762943,18.16087,9.856305,1.3846126,0.76613325,241.04338
53.5,6.75,6.0269065,0.15802355,17.28227,9.296148,1.3449796,0.75534445,240.6813
53.5,7.0,5.1274524,0.1625361,15.668392,8.054007,1.1896427,0.7596013,237.44128
53.5,7.25,4.562591,0.15020142,14.66301,7.256146,1.0947413,0.7650377,235.05301
53.5,7.5,4.2540736,0.052660488,13.705436,6.752466,1.0266523,0.7747484,232.9605
53.5,7.75,4.088128,0.20087281,13.373766,6.480753,0.9858228,0.7786773,231.69566
53.5,8.0,4.123921,0.17030902,13.71339,6.520017,0.9893335,0.7741483,231.957
53.5,8.25,4.0572987,0.024857912,13.559928,6.364094,0.9805068,0.7544048,232.42522
53.5,8.5,3.9465659,0.10816258,13.060369,6.122485,0.96231586,0.72652704,232.94801
53.5,8.75,3.6761627,0.13707939,12.122922,5.7150083,0.9190358,0.7120086,232.23383
53.5,9.0,3.4437778,0.14075048,11.249826,5.361869,0.87649643,0.70196605,231.30956
53.5,9.25,3.48587,0.12563327,10.988073,5.382442,0.9197452,0.7446179,231.00667
53.5,9.5,3.5255375,0.13430424,11.045163,5.436252,0.9620185,0.77911794,230.99673
53.5,9.75,3.5178206,0.09560465,11.167852,5.458518,1.0039307,0.7747312,232.34271
53.5,10.0,3.525979,0.03720017,11.35133,5.500904,1.0461205,0.75826746,234.064
53.5,10.25,3.5354388,0.07159529,11.457553,5.5068264,1.0697268,0.74027693,235.31583
53.5,10.5,3.5221515,0.064129524,11.347503,5.471956,1.0671486,0.7249564,235.81018
53.5,10.75,3.497971,0.09769268,11.097841,5.411734,1.0462685,0.7099507,235.84096
53.5,11.0,3.5080092,0.13763571,10.641124,5.4470625,1.0286661,0.69277555,236.04092
53.5,11.25,3.5781431,0.03074797,10.682373,5.5484824,1.0300587,0.6950766,235.9888
53.5,11.5,3.6269302,0.054808136,10.857427,5.646982,1.0516793,0.6970503,236.46368
53.5,11.75,3.6816967,0.088459276,10.829261,5.7445946,1.0632367,0.69949263,236.65948
53.5,12.0,3.75827,0.104831815,10.870405,5.883929,1.1060714,0.7092739,237.32977
53.5,12.25,3.7627373,0.035088982,10.9212885,5.9083285,1.1296316,0.69853896,238.26828
53.5,12.5,3.6505551,0.037160855,10.673237,5.742554,1.1243577,0.6563304,239.72626
53.5,12.75,3.6141965,0.11248095,10.555155,5.6780324,1.1329904,0.63515604,240.72495
53.5,13.0,3.5695121,0.11625682,10.3543,5.6010303,1.1272827,0.6228509,241.0783
53.5,13.25,3.5716622,0.111778796,10.320871,5.6160207,1.178147,0.6076792,242.71567
53.5,13.5,3.604185,0.115514114,10.408027,5.6562037,1.2434466,0.59389895,244.46977
53.5,13.75,3.6105359,0.04520343,10.64179,5.687094,1.2533226,0.5804694,245.14905
53.5,14.0,3.6478417,0.02010669,11.0779,5.782284,1.2474284,0.56093574,245.78781
53.5,14.25,3.7189586,0.03726234,11.1508875,5.923282,1.1799726,0.54777807,245.09789
53.5,14.5,3.7528174,0.055453464,11.341953,5.9883566,1.1278433,0.5493118,244.03178
53.5,14.75,3.7220864,0.14373986,11.468705,5.9491587,1.0717248,0.54357976,243.10583
53.5,15.0,3.7384515,0.09041862,11.497766,5.953192,1.055586,0.54928744,242.50922
53.75,6.0,7.4200754,0.038836725,19.946508,11.481386,1.6677533,0.88778317,241.97261
53.75,6.25,7.480006,0.10440689,20.093029,11.547802,1.6811291,0.8879356,242.15797
53.75,6.5,7.397039,0.13794225,19.957811,11.451036,1.6711887,0.88344216,242.13768
53.75,6.75,7.181229,0.0784457,19.448761,11.106504,1.6453539,0.8757673,241.97511
53.75,7.0,6.6210055,0.118978254,18.43275,10.279389,1.5445899,0.8523358,241.1092
53.75,7.25,6.376592,0.25714782,17.872725,9.871336,1.4886277,0.8117102,241.3975
53.75,7.5,6.251276,0.09278291,17.346163,9.648979,1.4448938,0.7862235,241.44766
53.75,7.75,6.10708,0.05323446,16.837976,9.362779,1.4087492,0.78434324,240.89244
53.75,8.0,6.254456,0.10977001,17.341665,9.532292,1.4608227,0.7795943,241.91258
53.75,8.25,5.9858823,0.108713694,16.903719,9.114938,1.4438782,0.73535234,243.01073
53.75,8.5,5.549451,0.032277923,15.972234,8.476376,1.3908828,0.6748161,244.11868
53.75,8.75,4.9769254,0.13492051,14.468116,7.6096964,1.280499,0.6668601,242.49034
53.75,9.0,3.897921,0.0038627347,12.059456,6.068472,1.0476643,0.67338455,237.26918
53.75,9.25,3.5843937,0.10575222,11.388653,5.601801,0.978864,0.70056486,234.40901
53.75,9.5,3.5043957,0.12810251,11.258275,5.4912853,0.98042136,0.72868866,233.37878
53.75,9.75,3.546079,0.11569487,11.346704,5.535946,1.0088179,0.7516004,233.31276
53.75,10.0,3.5806584,0.035245825,11.345629,5.5976844,1.0376093,0.77451897,233.26067
53.75,10.25,3.575232,0.18288127,11.244981,5.590736,1.0726417,0.7839887,233.83711
53.75,10.5,3.5808196,0.07365783,11.187144,5.6076784,1.0795237,0.7752816,234.31522
53.75,10.75,3.6627362,0.07119433,11.203969,5.714849,1.116748,0.80130655,234.3392
53.75,11.0,3.80035,0.048653495,11.32962,5.9143004,1.1439062,0.831393,233.99028
53.75,11.25,3.928702,0.06120445,11.834369,6.1121774,1.1585616,0.8501052,233.7303
53.75,11.5,3.8811667,0.032418583,11.7380705,6.074222,1.1592866,0.82083154,234.69965
53.75,11.75,3.7698653,0.0646687,11.292107,5.9393992,1.144105,0.7719383,235.9921
53.75,12.0,3.6535306,0.07371456,10.681361,5.7606206,1.1282814,0.7398082,236.74736
53.75,12.25,3.627199,0.042855594,10.632146,5.720429,1.1420355,0.7221079,237.69489
53.75,12.5,3.6239758,0.031834565,10.561889,5.7082224,1.1619318,0.69553703,239.0951
53.75,12.75,3.6040475,0.011462885,10.49207,5.667441,1.1837512,0.6793524,240.14857
53.75,13.0,3.5735064,0.07975595,10.409677,5.611474,1.1996784,0.6691189,240.84947
53.75,13.25,3.53576,0.0175222,10.404032,5.567753,1.2278587,0.64992255,242.10712
53.75,13.5,3.4474208,0.049299087,10.252849,5.451432,1.2312462,0.6228504,243.16653
53.75,13.75,3.7923605,0.011374708,11.041115,5.982551,1.2554668,0.6371321,243.09283
53.75,14.0,3.9614182,0.054549377,11.583016,6.2415147,1.2549816,0.63062984,243.32042
53.75,14.25,4.4444723,0.05971854,12.384719,6.978628,1.3074512,0.6423232,243.83609
53.75,14.5,4.6289587,0.07806907,12.797485,7.291031,1.3233204,0.6368453,244.3009
53.75,14.75,4.173864,0.09338432,12.180044,6.6482925,1.2305913,0.59542733,244.17976
53.75,15.0,4.1159925,0.058319293,12.055748,6.5507073,1.198438,0.600261,243.39511
54.0,6.0,7.629763,0.067547664,20.363947,11.854144,1.836828,0.9475062,242.7136
54.0,6.25,7.631293,0.10713352,20.330423,11.804418,1.8428292,0.9516288,242.68837
54.0,6.5,7.543849,0.062816255,19.953608,11.702476,1.8320259,0.9491127,242.61281
54.0,6.75,7.465454,0.16727741,19.867184,11.579694,1.8107316,0.95510006,242.18987
54.0,7.0,7.576747,0.28322494,20.170488,11.756515,1.8390081,0.96614695,242.28423
54.0,7.25,7.395604,0.07018167,19.755455,11.4512,1.7978017,0.9349807,242.52246
54.0,7.5,7.237996,0.1743631,19.257568,11.172696,1.7520455,0.89972365,242.81825
54.0,7.75,7.16906,0.02858442,19.073175,11.010009,1.7431251,0.8688782,243.50558
54.0,8.0,7.267953,0.025873277,19.18396,11.066736,1.7930099,0.85782295,244.43233
54.0,8.25,6.998396,0.07034954,18.597452,10.589043,1.7762277,0.81382537,245.38388
54.0,8.5,6.560102,0.09694221,17.8427,9.976596,1.7193354,0.74515396,246.56827
54.0,8.75,5.3321576,0.121903695,15.522209,8.178434,1.4272927,0.69549966,244.02068
54.0,9.0,4.143265,0.10553279,13.190431,6.5015864,1.1521459,0.6832352,239.33159
54.0,9.25,3.8019326,0.11748494,12.309142,5.995286,1.0693785,0.71166813,236.35635
54.0,9.5,3.5389004,0.044413585,11.478281,5.562686,0.9931983,0.7455166,233.1073
54.0,9.75,3.6050744,0.1199657,11.325302,5.6431,1.0424057,0.7902286,232.8349
54.0,10.0,3.6422126,0.12621179,11.334135,5.6958117,1.0710311,0.8130099,232.7982
54.0,10.25,3.648995,0.18373796,11.080384,5.7374325,1.1184374,0.8383187,233.1468
54.0,10.5,3.87071,0.056361947,11.520474,6.094194,1.1945157,0.8718076,233.87646
54.0,10.75,4.1250334,0.05613925,12.1009035,6.4610944,1.2631311,0.9034006,234.42737
54.0,11.0,4.3529925,0.030100841,12.712365,6.779331,1.3139849,0.9447094,234.28519
54.0,11.25,5.053198,0.014376403,14.125726,7.78445,1.4827874,1.0444679,234.83932
54.0,11.5,4.554399,0.088510044,13.208377,7.124749,1.4205309,0.92467403,236.93848
54.0,11.75,4.378463,0.08017202,12.667709,6.896481,1.3977584,0.8649965,238.2489
54.0,12.0,4.1361604,0.084120244,11.974097,6.525866,1.3436455,0.80611223,239.0386
54.0,12.25,3.8588328,0.09195264,11.235862,6.0986032,1.2684892,0.7461925,239.5337
54.0,12.5,3.703929,0.098745234,10.765193,5.847506,1.2250289,0.7166863,239.67082
54.0,12.75,3.688819,0.022549273,10.718335,5.8260007,1.246714,0.70059633,240.666
54.0,13.0,3.5385919,0.12439211,10.347503,5.6093483,1.2191331,0.6758858,240.99608
54.0,13.25,3.7418468,0.13032837,10.756473,5.8887177,1.2505567,0.67058283,241.79857
54.0,13.5,3.8059232,0.05112793,10.915132,5.9641504,1.2698169,0.6534164,242.77077
54.0,13.75,4.322799,0.05693374,11.870149,6.7290745,1.3251778,0.67190844,243.1135
54.0,14.0,5.1443815,0.15953161,13.62968,7.9490466,1.464711,0.70606005,244.26373
54.0,14.25,5.9779034,0.044271912,15.528044,9.28167,1.717158,0.7711963,245.81458
54.0,14.5,6.157867,0.09979868,15.888745,9.6002865,1.7329658,0.7657563,246.1605
54.0,14.75,5.534142,0.05525815,14.896336,8.717456,1.6570892,0.67722356,247.77103
54.0,15.0,4.710521,0.07754901,13.31587,7.4875464,1.474357,0.60928214,247.547
54.25,6.0,7.816355,0.1347491,20.599277,12.184325,1.9792696,0.94698066,244.43124
54.25,6.25,7.763423,0.08685206,20.514885,12.08849,1.9750301,0.9494767,244.32452
54.25,6.5,7.6751657,0.055503886,20.394638,11.94543,1.9558825,0.9417745,244.28879
54.25,6.75,7.6092634,0.09297255,20.14527,11.821503,1.947457,0.95171535,243.9554
54.25,7.0,7.643146,0.048679575,20.18839,11.86578,1.9650172,0.96567583,243.82895
54.25,7.25,7.621035,0.07157859,20.241444,11.837541,1.9607669,0.96478224,243.80081
54.25,7.5,7.471231,0.09085853,19.929441,11.583559,1.9215078,0.9366714,244.0123
54.25,7.75,7.411872,0.1654803,20.013594,11.425226,1.908955,0.9050005,244.63522
54.25,8.0,7.468448,0.09875448,20.172676,11.407022,1.9438773,0.8879167,245.45021
54.25,8.25,7.296358,0.21278435,19.990915,11.117126,1.9447702,0.8647625,246.02718
54.25,8.5,6.860608,0.12781253,19.23818,10.499383,1.882468,0.8019006,246.92679
54.25,8.75,5.4882727,0.1257663,16.82171,8.509545,1.532874,0.7317344,244.48201
54.25,9.0,4.308676,0.044842593,14.535523,6.8719134,1.2341056,0.704384,240.2838
54.25,9.25,3.9461148,0.032740843,13.283273,6.3224072,1.131482,0.74326205,236.69939
54.25,9.5,3.7260299,0.0636194,12.276228,5.9491286,1.0780994,0.7838624,233.97992
54.25,9.75,3.7560782,0.08840392,11.894256,5.946679,1.1225779,0.83718115,233.28566
54.25,10.0,3.9116461,0.027594144,11.979195,6.1895823,1.1792041,0.88950986,232.97163
54.25,10.25,4.0405307,0.07358796,12.118906,6.397066,1.2359358,0.9335533,232.93475
54.25,10.5,4.637725,0.035540942,12.932379,7.2073326,1.392476,0.98613536,234.69432
54.25,10.75,5.2019186,0.09176244,13.912621,8.019972,1.5220999,1.0309762,235.88872
54.25,11.0,5.675506,0.10343472,14.963587,8.770695,1.688263,1.0869697,237.22498
54.25,11.25,6.348909,0.07999823,16.316296,9.793666,1.8582033,1.1795154,237.59421
54.25,11.5,5.860685,0.069321245,15.412601,9.110531,1.8033459,1.0648533,239.43867
54.25,11.75,5.4725513,0.0876759,14.598774,8.582676,1.7739159,0.9741567,241.22635
54.25,12.0,5.206618,0.12143978,14.003289,8.160294,1.7116758,0.9117187,241.95815
54.25,12.25,5.071366,0.17370011,13.746456,7.964668,1.6787419,0.882894,242.25896
54.25,12.5,4.603193,0.12431433,12.795069,7.2687726,1.5542394,0.81570023,242.30849
54.25,12.75,4.152386,0.06011719,11.988219,6.6216555,1.4415601,0.74853504,242.55925
54.25,13.0,3.9923074,0.043521363,11.519094,6.368415,1.3735205,0.71264523,242.57765
54.25,13.25,4.144236,0.1275286,11.716988,6.5612082,1.3708243,0.6973412,243.03746
54.25,13.5,5.0158052,0.16451602,13.075973,7.7828298,1.541588,0.7657805,243.58421
54.25,13.75,5.8656754,0.16689958,14.754941,9.056219,1.6689962,0.8034691,244.29344
54.25,14.0,6.207462,0.1051423,15.72713,9.526644,1.7598609,0.80501926,245.41907
54.25,14.25,6.9214873,0.051902317,17.365543,10.639317,1.9865651,0.8557864,246.69426
54.25,14.5,6.916273,0.04260161,17.25407,10.644726,2.0443017,0.8125347,248.324
54.25,14.75,6.4178667,0.067856126,16.423134,9.939587,1.9962703,0.71915436,250.18849
54.25,15.0,6.0951495,0.09031056,15.896168,9.5168,1.9307253,0.65490144,251.26308
54.5,6.0,7.9092155,0.19296826,20.771112,12.380833,2.0762386,0.9183412,246.13971
54.5,6.25,7.8702574,0.15760842,20.705881,12.259124,2.0780077,0.91969275,246.12659
54.5,6.5,7.7914686,0.038772993,20.641613,12.131066,2.0604956,0.9101112,246.16917
54.5,6.75,7.74808,0.18850313,20.560602,12.066865,2.06376,0.9190065,245.99626
54.5,7.0,7.758486,0.1109996,20.676872,12.0484,2.0741122,0.9257464,245.94717
54.5,7.25,7.6543484,0.32534036,20.682308,11.861305,2.0456495,0.92056346,245.77176
54.5,7.5,7.53531,0.11718228,20.540426,11.634417,2.0164416,0.91046137,245.69992
54.5,7.75,7.510413,0.18450785,20.652004,11.590904,2.0171576,0.8831454,246.3554
54.5,8.0,7.501079,0.10174702,20.783972,11.491165,2.032025,0.8530929,247.22617
54.5,8.25,7.150645,0.27396318,20.355227,10.975465,1.99175,0.8215235,247.58566
54.5,8.5,6.677573,0.065835625,19.588121,10.288598,1.900839,0.7855573,247.54622
54.5,8.75,5.3229866,0.086973526,17.16562,8.370682,1.5483726,0.7219825,245.00108
54.5,9.0,4.3896675,0.093649276,15.134721,7.0869493,1.2834728,0.7162145,240.83723
54.5,9.25,4.0419984,0.07672168,14.103487,6.5335155,1.1913241,0.7546402,237.64792
54.5,9.5,3.8825495,0.0979643,13.211116,6.242986,1.1615492,0.8037062,235.31963
54.5,9.75,3.9323359,0.07319442,12.835893,6.268885,1.2098216,0.86405504,234.46556
54.5,10.0,4.6120343,0.045114014,13.623213,7.2143116,1.3720325,1.0278445,233.16165
54.5,10.25,5.010057,0.13058257,14.091478,7.799722,1.4631895,1.1156379,232.67557
54.5,10.5,5.7366796,0.050547734,15.028388,8.840162,1.6324098,1.177459,234.19705
54.5,10.75,6.567236,0.09621619,16.622585,10.07426,1.8955816,1.2632743,236.31927
54.5,11.0,6.1844044,0.06468547,15.609071,9.463058,1.8878683,1.108402,239.58203
54.5,11.25,6.699006,0.031093732,16.936125,10.308329,2.0672672,1.1678827,240.53615
54.5,11.5,6.2795057,0.07826658,15.891604,9.753952,2.0477662,1.075528,242.29065
54.5,11.75,5.9061017,0.15448856,15.561087,9.290119,1.9306144,1.0062919,242.47018
54.5,12.0,6.31919,0.24705067,16.354067,9.924944,2.0116103,1.0775114,241.82445
54.5,12.25,6.071335,0.13082425,15.946604,9.517957,1.9501942,1.0302598,242.15315
54.5,12.5,5.482922,0.14836308,14.873059,8.658934,1.8102404,0.9379739,242.60913
54.5,12.75,5.46581,0.10979672,14.701604,8.627201,1.8438978,0.88558936,244.3459
54.5,13.0,5.2850885,0.10998499,14.174288,8.341487,1.768507,0.82426924,245.01062
54.5,13.25,5.718914,0.087503746,14.679206,8.953451,1.8237727,0.8457103,245.12215
54.5,13.5,6.4567795,0.019904837,15.79643,10.030971,1.9765928,0.907699,245.33427
54.5,13.75,6.5493484,0.044428565,16.433855,10.124276,2.0231042,0.894017,246.1592
54.5,14.0,6.8108325,0.20047402,17.090584,10.50495,2.1006289,0.8873683,247.09935
54.5,14.25,6.9446464,0.08331087,17.235582,10.712239,2.1785972,0.8611201,248.43292
54.5,14.5,7.032875,0.06220752,17.282667,10.83238,2.2199438,0.84117156,249.24751
54.5,14.75,7.0313673,0.051932175,17.549612,10.853078,2.2188995,0.79598796,250.26552
54.5,15.0,6.9521313,0.054160416,17.63498,10.825519,2.226441,0.72467434,251.97067
54.75,6.0,7.953967,0.06963571,20.748281,12.455601,2.156771,0.87078184,248.01395
54.75,6.25,7.917737,0.059883144,20.679218,12.372644,2.1585345,0.87212217,247.9996
54.75,6.5,7.8483233,0.047947653,20.665003,12.226614,2.1410716,0.8722307,247.83498
54.75,6.75,7.833305,0.19944346,20.931908,12.160484,2.1520784,0.87747294,247.81767
54.75,7.0,7.853989,0.080643415,21.149603,12.172107,2.1622663,0.87986386,247.85774
54.75,7.25,7.7494006,0.114715934,21.168135,11.994525,2.1335776,0.87502897,247.70035
54.75,7.5,7.5894523,0.0738183,20.970217,11.709823,2.0781863,0.8648025,247.40619
54.75,7.75,7.6298666,0.17765832,21.255468,11.714578,2.1087987,0.85300547,247.97675
54.75,8.0,7.6276274,0.08065784,21.397089,11.667676,2.1255069,0.82299817,248.83356
54.75,8.25,7.2166367,0.035764575,20.790436,11.07538,2.068891,0.7881487,249.14555
54.75,8.5,6.5737996,0.0410955,19.607544,10.141952,1.9183462,0.75575346,248.4975
54.75,8.75,5.2185225,0.15132374,16.904877,8.185909,1.5281975,0.7191063,244.80028
54.75,9.0,4.295455,0.061901093,14.8514595,6.8943486,1.2649084,0.7133647,240.5785
54.75,9.25,3.9654837,0.055652633,13.57939,6.3642135,1.188169,0.7486123,237.7868
54.75,9.5,4.061421,0.08323646,13.715145,6.50728,1.2274866,0.81930715,236.2782
54.75,9.75,4.2014427,0.015838858,13.65788,6.6522355,1.2911568,0.8870746,235.50943
54.75,10.0,4.8940606,0.070454724,14.42233,7.6307335,1.4523625,1.0498468,234.13855
54.75,10.25,5.876666,0.12802674,15.633987,9.0758,1.6607095,1.2507136,233.01587
54.75,10.5,6.398463,0.07078081,16.528765,9.834806,1.8647944,1.3520283,234.05684
54.75,10.75,7.193972,0.043612517,18.411186,11.052438,2.1536744,1.4478651,236.08798
54.75,11.0,6.7315526,0.048661474,17.508818,10.293141,2.1277335,1.2738804,239.09091
54.75,11.25,6.6058354,0.058002695,17.390753,10.128834,2.176108,1.1687369,241.76079
54.75,11.5,6.1192884,0.07168143,16.160833,9.490261,2.0475693,1.0563492,242.71062
54.75,11.75,5.740546,0.14165583,15.827995,9.068121,1.9206982,0.98745507,242.79173
54.75,12.0,6.3982654,0.109839745,16.807579,10.019053,2.0486627,1.1054263,241.6494
54.75,12.25,6.6608396,0.21163556,17.373932,10.396433,2.103997,1.1674619,240.97507
54.75,12.5,6.8581476,0.15648696,17.662521,10.693844,2.2021356,1.1645771,242.12833
54.75,12.75,6.8528748,0.15656258,17.44863,10.707737,2.2355206,1.1124983,243.54294
54.75,13.0,6.659805,0.05090151,16.797201,10.406782,2.1876736,1.0285314,244.8195
54.75,13.25,6.6466475,0.0859167,16.791304,10.366895,2.2215095,0.98846865,246.01315
54.75,13.5,6.9674907,0.031301446,17.332561,10.808786,2.3052,1.0142454,246.25139
54.75,13.75,7.0685186,0.13999464,17.667583,10.931172,2.351461,1.0006318,246.94849
54.75,14.0,7.0262017,0.09167878,17.611767,10.865618,2.3595982,0.9523296,248.02109
54.75,14.25,7.081379,0.06195418,17.898506,10.984064,2.3676934,0.89909625,249.20648
54.75,14.5,7.1696706,0.08386706,17.58927,11.138532,2.3929636,0.8865544,249.67114
54.75,14.75,7.1729937,0.09059582,17.904076,11.171427,2.390962,0.84340197,250.56992
54.75,15.0,7.10701,0.0878366,18.081314,11.07386,2.3727865,0.7772779,251.86223
55.0,6.0,8.037227,0.10229097,20.561539,12.616739,2.232045,0.83323747,249.52905
55.0,6.25,7.9923196,0.02206327,20.469585,12.49852,2.230327,0.8204853,249.80261
55.0,6.5,7.901522,0.20382543,20.271769,12.312902,2.205355,0.81895,249.62772
55.0,6.75,7.889084,0.08306261,20.440569,12.272183,2.218849,0.82515097,249.60072
55.0,7.0,7.9247065,0.08126233,20.976955,12.271548,2.2432547,0.8383105,249.50916
55.0,7.25,7.7544117,0.10994338,21.126345,11.994398,2.186965,0.8265696,249.29578
55.0,7.5,7.5579767,0.109459184,20.800753,11.614382,2.1174462,0.8135322,248.983
55.0,7.75,7.6116877,0.05624256,21.11279,11.648406,2.1502724,0.81366843,249.27324
55.0,8.0,7.629626,0.11137948,21.470215,11.635112,2.1663888,0.8132236,249.42476
55.0,8.25,7.1506753,0.13475947,20.943157,11.007121,2.0821512,0.791033,249.19765
55.0,8.5,6.5112543,0.027113099,19.799248,10.090066,1.9318146,0.76038045,248.51494
55.0,8.75,5.084187,0.09237117,16.414555,8.008798,1.5122415,0.7120434,244.78647
55.0,9.0,4.238573,0.07256362,14.496095,6.7369595,1.277711,0.7123735,240.85864
55.0,9.25,3.9566004,0.07675921,13.538075,6.3369064,1.2324663,0.7473603,238.76762
55.0,9.5,4.0604763,0.08564497,13.431016,6.483989,1.2715336,0.81762564,237.25804
55.0,9.75,4.5482883,0.019970538,14.19115,7.1993027,1.3965404,0.92437917,236.49918
55.0,10.0,4.7949996,0.048875228,14.445167,7.5150347,1.4625728,0.9873257,235.97826
55.0,10.25,5.6057973,0.032842178,15.388295,8.719464,1.6404802,1.1463925,235.05356
55.0,10.5,6.062763,0.023565114,16.192125,9.376653,1.8284252,1.2443871,235.76163
55.0,10.75,6.384646,0.10153339,16.661488,9.810933,1.9905717,1.3083646,236.68385
55.0,11.0,6.82471,0.06563121,17.72807,10.526266,2.1434016,1.3497555,237.80032
55.0,11.25,7.0393896,0.14315285,18.458557,10.850273,2.2720866,1.3180275,239.88217
55.0,11.5,6.612857,0.102654934,17.37703,10.2810955,2.1688213,1.195387,241.13782
55.0,11.75,6.079373,0.21683556,16.739107,9.574203,2.05001,1.0525649,242.82205
55.0,12.0,6.1563716,0.13763879,16.758844,9.69726,2.067249,1.099048,242.00276
55.0,12.25,6.318957,0.076607466,16.936651,9.926537,2.103516,1.1502739,241.32867
55.0,12.5,6.6773615,0.11352802,17.592123,10.4156685,2.2216747,1.200818,241.60872
55.0,12.75,7.0918946,0.08345567,18.48769,11.058413,2.3462,1.2673446,241.62346
55.0,13.0,7.1017175,0.115256175,18.430418,11.07225,2.385294,1.2173815,242.96162
55.0,13.25,7.0951724,0.12384109,18.321135,11.04466,2.4189243,1.1775564,244.04272
55.0,13.5,7.0711174,0.106088914,18.172148,11.020725,2.44844,1.1478628,244.88217
55.0,13.75,7.1123786,0.11059366,18.444763,11.084699,2.500166,1.1151036,245.96257
55.0,14.0,7.061796,0.09169083,18.369656,10.986661,2.4846005,1.0523996,247.04399
55.0,14.25,7.1203303,0.062436655,18.391294,11.084333,2.4909549,0.9921971,248.28162
55.0,14.5,7.247357,0.05076533,18.423874,11.276699,2.5088527,0.95173687,249.2257
55.0,14.75,7.2301035,0.12104029,18.24791,11.268696,2.5221255,0.88354963,250.69365
55.0,15.0,7.1135907,0.10823425,17.920172,11.075916,2.4955351,0.8053059,252.11517
