date,wind10_mps_mean,wind10_mps_min,wind10_mps_max,wind10_mps_p90
2025-01-01,7.755972,0.02431453,21.470215,13.323428
2025-01-02,5.0729265,0.17035642,15.507723,8.544609
2025-01-03,5.6300473,0.05440818,18.24791,10.296329
2025-01-04,3.3809688,0.024398785,13.122648,5.9803176
2025-01-05,4.7929177,0.23264676,15.526833,7.699705
2025-01-06,6.6275115,0.04753342,19.97655,10.842026
2025-01-07,6.2800107,0.033280283,21.028292,11.062058
2025-01-08,4.951321,0.0033517277,16.61647,10.204422
2025-01-09,4.3296666,0.046251025,11.263441,7.0707517
2025-01-10,4.6510773,0.029950831,12.423901,6.963427
2025-01-11,4.858496,0.00990789,16.389215,8.139319
2025-01-12,3.4652798,0.053605687,12.432757,5.2352386
2025-01-13,3.0410442,0.020215085,13.724922,6.670063
2025-01-14,3.756231,0.023818858,13.60149,8.527969
2025-01-15,2.504072,0.020817982,9.50244,4.1807013
2025-01-16,2.9096396,0.038027678,11.279006,6.0537934
2025-01-17,2.6954248,0.0029695502,11.070579,5.8252845
2025-01-18,2.2244856,0.003868306,9.873815,3.7514393
2025-01-19,2.3000543,0.018717429,6.2340755,3.8333652
2025-01-20,2.3334434,0.011369098,9.635842,4.2024007
2025-01-21,2.526335,0.021941125,11.165879,6.1809697
2025-01-22,3.398549,0.020461632,10.924213,5.638004
2025-01-23,4.9912896,0.049423903,13.470669,8.109679
2025-01-24,5.4082565,0.10279049,17.87956,9.241765
2025-01-25,3.8925705,0.043801498,13.680251,6.6196456
2025-01-26,3.7001188,0.011558429,15.209361,6.12561
2025-01-27,5.5067964,0.046157293,17.959232,8.453952
2025-01-28,4.12359,0.01481707,12.641755,6.684166
2025-01-29,4.8303647,0.10371168,12.669058,7.544843
2025-01-30,3.1610777,0.022070313,11.872521,6.4189835
2025-01-31,3.3416936,0.036744446,11.812293,5.7767982
2025-02-01,2.337426,0.008017532,8.414027,3.729633
2025-02-02,1.876657,0.0025646116,8.530034,3.0251586
2025-02-03,1.9044887,0.007971166,8.644088,3.6363993
2025-02-04,2.7220562,0.008297891,13.524178,5.538791
2025-02-05,2.8996565,0.009447606,12.376926,6.046079
2025-02-06,3.1737535,0.024659699,9.33452,4.8826766
2025-02-07,5.153993,0.06529967,14.198984,7.8521733
2025-02-08,3.8835757,0.009732405,13.708865,7.431865
2025-02-09,2.897867,0.019130226,12.270385,6.820835
2025-02-10,4.4367433,0.020070465,14.842203,9.864911
2025-02-11,4.6422005,0.010029935,15.683893,9.749415
2025-02-12,3.3053877,0.0073953983,12.707633,7.4975967
2025-02-13,3.083525,0.027547136,12.153799,6.3520083
2025-02-14,2.660821,0.025722,11.351609,3.8525305
2025-02-15,1.9831587,0.026864419,11.599847,3.2677748
2025-02-16,3.2096226,0.025260007,11.4777,5.534397
2025-02-17,2.4167395,0.0023686537,9.664191,3.6367753
2025-02-18,3.0078824,0.04029271,11.418635,4.6562753
2025-02-19,3.7932746,0.03874637,12.655678,5.924582
2025-02-20,3.7753518,0.027715355,12.696728,7.7003064
2025-02-21,3.7211914,0.038532,12.463564,6.742314
2025-02-22,3.8118021,0.012636277,10.913283,6.521828
2025-02-23,2.9281328,0.02388472,14.631335,5.324141
2025-02-24,4.1197696,0.018139312,14.671469,7.560304
2025-02-25,2.4892585,0.02870039,9.440117,4.2984257
2025-02-26,2.9664247,0.031834565,9.222621,4.803202
2025-02-27,2.8461208,0.027187523,8.294797,4.2524385
2025-02-28,2.7957287,0.07645391,8.910772,4.508903
2025-03-01,3.019598,0.02932436,9.202767,4.9584928
2025-03-02,3.141657,0.0053418186,11.829279,6.7701974
2025-03-03,2.9273307,0.015590211,12.405683,7.67368
2025-03-04,2.8976362,0.014155329,12.906994,7.524263
2025-03-05,3.5002449,0.011554249,13.526452,9.294534
2025-03-06,2.7783327,0.013131959,11.585811,5.5280366
2025-03-07,2.2235463,0.008399156,7.687828,3.6229703
2025-03-08,2.3728533,0.020911228,7.9109592,3.3650742
2025-03-09,2.5649536,0.010398414,9.437213,5.040561
2025-03-10,2.3059032,0.017948857,8.000617,3.9244232
2025-03-11,2.2413778,0.019281037,9.280993,3.705561
2025-03-12,2.3611023,0.026866343,8.622272,3.8594606
2025-03-13,2.4329875,0.03526832,10.216817,3.7508156
2025-03-14,2.526387,0.021507295,9.10878,4.214357
2025-03-15,3.683643,0.076607466,8.02936,5.3369865
2025-03-16,3.3184893,0.013108357,11.687327,6.0639653
2025-03-17,3.697264,0.13561717,11.304909,5.8366985
2025-03-18,2.9662101,0.049232055,10.871159,4.875564
2025-03-19,2.268761,0.03906872,8.761678,3.4078016
2025-03-20,2.2616117,0.028722676,6.5255585,3.4442043
2025-03-21,3.5443804,0.056775175,13.180102,6.2909417
2025-03-22,5.2033825,0.06415536,14.827731,10.201746
2025-03-23,3.364748,0.012483778,12.881125,7.0114446
2025-03-24,1.8785149,0.0033780215,7.573177,3.0068903
2025-03-25,2.825487,0.008773432,9.788145,5.8311944
2025-03-26,3.1553767,0.04243475,9.655609,5.5218887
2025-03-27,2.7433586,0.024519678,10.138465,5.1779246
2025-03-28,2.5735579,0.008928269,10.534305,5.264969
2025-03-29,3.507725,0.01945014,14.349767,5.1515718
2025-03-30,5.38097,0.13610737,14.820427,8.1716
2025-03-31,4.0777054,0.7242606,11.024412,5.7361774
2025-04-01,3.8700602,0.17904574,9.210343,5.7866635
2025-04-02,4.4338427,0.047449235,10.399334,6.321568
2025-04-03,2.9932692,0.0073296367,8.3179245,4.2330284
2025-04-04,2.3734987,0.008751311,8.820922,4.01646
2025-04-05,4.0200176,0.061822463,11.039957,6.469668
2025-04-06,3.7480087,0.131078,10.542064,5.419399
2025-04-07,2.7489598,0.017292686,8.273935,4.279806
2025-04-08,1.9523231,0.015810816,6.414107,3.116602
2025-04-09,2.9162805,0.021536255,10.998933,5.0480695
2025-04-10,3.405475,0.066273026,14.152112,5.846394
2025-04-11,4.017744,0.026434397,13.1949,6.8509297
2025-04-12,2.560528,0.024453098,10.416527,4.215242
2025-04-13,3.6854293,0.0043516182,10.649729,6.048244
2025-04-14,2.4317377,0.023393271,8.774579,3.7978995
2025-04-15,3.9085858,0.027008487,12.352198,6.9121304
2025-04-16,2.9635131,0.015838858,8.515652,4.6185
2025-04-17,3.7650766,0.049897,10.114622,5.8470817
2025-04-18,3.2527227,0.01252755,10.125283,5.095214
2025-04-19,2.4776037,0.021667272,9.142328,4.5140452
2025-04-20,2.345874,0.02787029,9.158308,4.408839
2025-04-21,2.040218,0.02773192,7.070201,3.256776
2025-04-22,2.0201585,0.008070875,5.813088,2.9770584
2025-04-23,2.1225197,0.019506307,8.612916,3.2643774
2025-04-24,3.2005608,0.054023616,9.070326,4.8867283
2025-04-25,3.0306113,0.07256362,8.59109,4.281984
2025-04-26,3.3446624,0.031421695,8.668153,4.48651
2025-04-27,2.8655217,0.07161188,8.5247135,4.067949
2025-04-28,2.0005798,0.00052193087,8.995483,3.1912954
2025-04-29,2.4953542,0.028214788,8.822314,4.081369
2025-04-30,2.043101,0.0024361555,9.201241,3.0777032
2025-05-01,1.8817207,0.03519359,8.662115,2.9147568
2025-05-02,3.0359173,0.03845118,9.7108555,5.1393924
2025-05-03,3.4021761,0.010851788,12.940353,5.8000712
2025-05-04,4.170012,0.10585373,13.155534,6.9997754
2025-05-05,3.8945553,0.06292318,10.528511,5.6426563
2025-05-06,3.5616217,0.04141938,11.275826,5.9583325
2025-05-07,3.1663837,0.029622652,8.059678,4.436728
2025-05-08,2.9737453,0.048661474,6.984437,4.207352
2025-05-09,2.8504498,0.03404463,9.918353,4.5457354
2025-05-10,2.6093466,0.041935652,7.939582,4.1616874
2025-05-11,3.3302634,0.07056164,10.3475065,5.4666314
2025-05-12,3.516838,0.026231717,10.717843,5.8240166
2025-05-13,2.5651577,0.02100437,9.991147,4.4064665
2025-05-14,3.2482092,0.017855939,10.931566,5.838576
2025-05-15,4.4767447,0.099611975,12.602718,6.9670563
2025-05-16,3.62382,0.0566749,10.94913,6.178269
2025-05-17,3.7524803,0.03550524,10.765659,6.143418
2025-05-18,3.6247704,0.08327249,11.866085,5.5360985
2025-05-19,2.8283517,0.07115213,10.025561,4.521288
2025-05-20,2.4872825,0.014028131,10.536477,5.221444
2025-05-21,3.9119425,0.030594729,14.133228,8.515361
2025-05-22,4.67552,0.008383521,17.115965,9.471075
2025-05-23,3.8109305,0.052658293,12.72513,6.6764817
2025-05-24,3.6451607,0.019904837,11.819908,6.298719
2025-05-25,4.4564915,0.044133067,10.993025,7.4527326
2025-05-26,3.708208,0.054125268,10.527757,5.9361916
2025-05-27,4.2670817,0.066503465,14.168181,7.0832915
2025-05-28,4.6064196,0.050547734,10.094884,6.2657585
2025-05-29,3.7491424,0.034359187,11.493364,5.7458425
2025-05-30,3.8593833,0.009526044,11.685702,7.4043736
2025-05-31,2.005182,0.007302522,8.748835,3.3743687
2025-06-01,3.2297537,0.029567426,9.779519,5.6375294
2025-06-02,2.8214178,0.06441334,9.567372,5.4393544
2025-06-03,3.0106285,0.02682845,12.653667,5.1773643
2025-06-04,3.5089703,0.014361447,10.555695,5.7792125
2025-06-05,3.760486,0.039924167,10.833605,5.6660943
2025-06-06,5.028226,0.064264864,13.611028,8.039422
2025-06-07,3.5643823,0.022931945,9.016849,4.968395
2025-06-08,5.2379594,0.035535257,12.315248,7.457166
2025-06-09,3.5964978,0.02232863,13.009922,6.4179196
2025-06-10,4.289576,0.039873526,12.6030445,7.0409718
2025-06-11,3.4530618,0.073856235,12.323994,6.040769
2025-06-12,3.371525,0.04139257,11.050739,5.139547
2025-06-13,3.8162432,0.004244934,11.414992,6.6004357
2025-06-14,3.3786852,0.01775217,10.629798,5.9119153
2025-06-15,3.0447438,0.015723314,9.884135,5.064179
2025-06-16,3.6926162,0.055953067,10.908491,6.092158
2025-06-17,2.5833528,0.01924907,9.939693,5.350309
2025-06-18,2.8167045,0.020887682,10.837308,5.596094
2025-06-19,3.8485968,0.07743424,12.073559,6.7325897
2025-06-20,2.6501448,0.058742754,9.087421,3.9679089
2025-06-21,2.344757,0.011496543,9.8163395,3.5397654
2025-06-22,3.0001261,0.025542526,11.047766,4.888365
2025-06-23,5.453833,0.028723462,14.334362,9.038085
2025-06-24,5.3645797,0.044471473,14.776586,10.266696
2025-06-25,3.9457219,0.02928092,13.062218,6.413687
2025-06-26,3.6872637,0.019100409,13.094838,5.733316
2025-06-27,4.289312,0.053549204,12.16073,7.6672845
2025-06-28,3.8342788,0.005112264,11.681608,7.596459
2025-06-29,3.6744566,0.021821013,12.088966,6.6330523
2025-06-30,2.6556876,0.02207797,11.659975,3.8953192
2025-07-01,2.14602,0.0038627347,9.276008,3.4234188
2025-07-02,2.7035544,0.022847768,12.367103,4.911118
2025-07-03,3.9846919,0.028171133,12.36155,6.9552283
2025-07-04,2.8428514,0.04142793,11.540189,5.723697
2025-07-05,3.7706702,0.04023264,13.048792,8.006047
2025-07-06,3.3701925,0.03636039,9.986579,5.5118785
2025-07-07,3.6307821,0.038836725,11.122626,5.35523
2025-07-08,4.0821395,0.04780143,11.053022,5.783034
2025-07-09,3.6780903,0.109720856,9.65402,5.19305
2025-07-10,2.8576448,0.024319628,9.4065275,4.493679
2025-07-11,3.3159912,0.05183886,12.944168,5.977665
2025-07-12,3.2602062,0.040311817,10.98251,6.1735396
2025-07-13,2.6063483,0.011873221,10.26619,4.943479
2025-07-14,2.6312127,0.011462885,7.5019674,4.2107453
2025-07-15,3.2584617,0.07822283,10.82886,4.852256
2025-07-16,3.406501,0.070454724,10.36223,5.358328
2025-07-17,3.5996096,0.031164145,10.182922,5.547027
2025-07-18,1.9225302,0.013186225,6.22354,3.0915377
2025-07-19,2.3640642,0.021149766,10.041497,3.9861815
2025-07-20,2.671748,0.01864473,9.817777,4.60825
2025-07-21,3.0300608,0.029755829,8.67752,4.80825
2025-07-22,4.2472053,0.042361267,14.0489645,5.8712325
2025-07-23,3.9082937,0.006191572,13.035994,6.6164107
2025-07-24,2.0866563,0.0023325994,8.325292,3.7168808
2025-07-25,2.4284332,0.017463502,9.06049,4.538203
2025-07-26,2.3310509,0.009307424,7.8602386,3.9834387
2025-07-27,2.6247592,0.05852925,8.740771,4.0113773
2025-07-28,4.039489,0.2219987,12.525592,6.3560863
2025-07-29,3.9345229,0.014609962,12.847149,7.8659015
2025-07-30,3.7702315,0.10225395,14.158035,7.473202
2025-07-31,3.8209991,0.03704529,13.217704,5.721422
2025-08-01,3.2005672,0.041918896,10.461329,4.8090615
2025-08-02,3.2267485,0.013162755,13.009964,5.1619515
2025-08-03,3.9170458,0.062557034,12.461375,7.18494
2025-08-04,4.1265545,0.10081379,14.48321,6.693176
2025-08-05,4.5214286,0.054877196,14.367784,8.941376
2025-08-06,3.6385152,0.0179176,13.463693,8.178912
2025-08-07,2.655067,0.008371959,9.390733,4.863525
2025-08-08,2.6318014,0.021935968,8.1885605,4.390762
2025-08-09,2.2994332,0.011561944,10.221062,3.96573
2025-08-10,3.3533058,0.06238964,10.67234,5.6639037
2025-08-11,2.3337648,0.018411005,7.897782,3.6061413
2025-08-12,2.4777706,0.023826025,7.8105965,3.7308095
2025-08-13,2.346258,0.004769,8.49869,4.807361
2025-08-14,2.0663683,0.0020567693,8.288972,3.8540983
2025-08-15,2.8962543,0.0055939853,9.726987,5.5803514
2025-08-16,3.7369373,0.0073330193,11.99908,7.290592
2025-08-17,3.009536,0.065365605,10.84811,4.5191755
2025-08-18,2.1382954,0.011374708,5.6065526,3.203025
2025-08-19,2.3264012,0.012030759,9.7558975,4.9309936
2025-08-20,2.7956717,0.017192377,10.472108,5.4637847
2025-08-21,3.2424567,0.031055382,10.451359,5.361677
2025-08-22,4.174654,0.11655954,12.928973,8.390252
2025-08-23,3.832188,0.031437095,11.344785,7.1839848
2025-08-24,2.9503996,0.030642718,11.391573,6.1899266
2025-08-25,2.5385728,0.026141388,10.819275,5.0791
2025-08-26,2.3547685,0.0054861237,9.557363,3.7840693
2025-08-27,2.8166,0.012974547,9.527203,4.532554
2025-08-28,2.5190988,0.042752948,7.902975,3.8582191
2025-08-29,2.7749708,0.03247845,10.135699,4.782761
2025-08-30,3.0527,0.030098518,9.819572,4.38847
2025-08-31,2.8997614,0.010070812,11.510613,4.8760304
2025-09-01,2.8477623,0.024531957,9.859079,4.5972023
2025-09-02,2.7997513,0.030772138,10.1108885,4.3597884
2025-09-03,4.4221973,0.02164133,15.585343,7.1838546
2025-09-04,3.3963072,0.011186701,13.268706,5.9243126
2025-09-05,3.1429536,0.02381745,8.81093,4.8615394
2025-09-06,2.1534655,0.00338212,8.492011,3.4769514
2025-09-07,3.3174107,0.012240497,12.779872,5.327063
2025-09-08,2.4618628,0.011841804,12.469084,4.4764385
2025-09-09,2.437025,0.027113099,9.366381,4.2207966
2025-09-10,2.2940862,0.0044497624,10.528585,4.107693
2025-09-11,4.3942304,0.014421429,12.853599,6.364208
2025-09-12,4.2742662,0.014477576,13.226119,7.74141
2025-09-13,3.7360775,0.014512263,12.447584,6.7548027
2025-09-14,3.573596,0.010794178,11.964142,5.7387924
2025-09-15,6.1222787,0.046571776,17.848663,9.837871
2025-09-16,6.694819,0.08883507,17.58875,10.973087
2025-09-17,4.749273,0.11899418,14.342129,9.191285
2025-09-18,4.297365,0.08226127,12.073799,8.617501
2025-09-19,3.2246497,0.020008625,11.153341,6.635599
2025-09-20,3.4350405,0.034118026,12.450827,5.682162
2025-09-21,4.281874,0.024740823,16.333363,8.432794
2025-09-22,4.210654,0.05948259,12.389423,7.4584527
2025-09-23,3.5711632,0.021328108,9.4753685,5.544313
2025-09-24,4.689496,0.068674825,12.100101,6.770424
2025-09-25,4.6131186,0.022198286,13.167418,8.077973
2025-09-26,4.244921,0.0324986,12.673113,8.514498
2025-09-27,3.0505352,0.016497884,11.327812,6.6712317
2025-09-28,2.3304455,0.033500385,8.843493,4.3134437
2025-09-29,2.1756508,0.00209596,9.652058,3.7537756
2025-09-30,2.5016677,0.009235211,8.631948,4.0966206
2025-10-01,2.720266,0.05112793,9.547328,3.552335
2025-10-02,2.709101,0.022549273,12.493115,4.037928
2025-10-03,3.6802547,0.02942295,20.561539,6.805675
2025-10-04,6.7841763,0.05289112,19.512838,11.332587
2025-10-05,6.672989,0.2022166,18.115993,11.718089
2025-10-06,5.0247965,0.07960287,16.227251,8.084038
2025-10-07,2.7977474,0.021568356,9.119909,5.020964
2025-10-08,2.4053202,0.020849252,8.784928,5.015718
2025-10-09,3.23402,0.041934554,13.071458,6.54742
2025-10-10,4.12095,0.036413252,13.174059,8.044858
2025-10-11,3.5736275,0.014563377,12.889304,6.7115426
2025-10-12,3.113293,0.035909303,12.307863,5.652223
2025-10-13,2.2508857,0.025226433,9.0094,3.8270738
2025-10-14,2.5545657,0.0188341,9.804606,4.221371
2025-10-15,2.505094,0.013629644,11.019912,5.006545
2025-10-16,3.184553,0.04441704,11.62835,7.0382075
2025-10-17,3.3895361,0.01936915,11.875399,7.294417
2025-10-18,2.7344952,0.017168526,12.4596,4.2508416
2025-10-19,3.733681,0.010076579,11.952361,6.3963513
2025-10-20,4.6082826,0.030540857,13.365416,8.429368
2025-10-21,4.8922086,0.030336453,11.989659,8.368347
2025-10-22,3.3407943,0.042449336,11.295057,5.912762
2025-10-23,5.936979,0.10877955,17.581385,8.675424
2025-10-24,7.2368255,0.13484244,19.743208,11.095123
2025-10-25,6.2102547,0.074417405,17.744883,10.332181
2025-10-26,7.1134267,0.109817326,17.944088,10.689263
2025-10-27,6.532728,0.2308644,15.772715,8.755047
2025-10-28,6.3262253,0.409858,15.33692,8.842458
2025-10-29,4.4730144,0.0495493,14.222473,8.325532
2025-10-30,5.18113,0.012813068,18.081314,8.41565
2025-10-31,3.3001568,0.039214466,12.866252,5.7304406
2025-11-01,4.037309,0.048706632,14.329368,7.1039014
2025-11-02,3.3867948,0.015385801,12.95379,5.5697694
2025-11-03,4.679568,0.13700746,14.678578,7.405867
2025-11-04,3.9786975,0.0141248675,13.8912115,7.917476
2025-11-05,3.3586826,0.01929537,11.230284,6.2759137
2025-11-06,2.8168821,0.016355265,8.06141,4.956873
2025-11-07,2.2073686,0.014762467,8.167749,4.020664
2025-11-08,1.504922,0.017507836,5.520044,2.410906
2025-11-09,1.8832613,0.018716123,6.398228,2.9178495
2025-11-10,2.431535,0.014354953,11.089583,4.042497
2025-11-11,3.4735105,0.08082465,13.51802,5.6688614
2025-11-12,4.0371556,0.032025494,13.698591,7.928413
2025-11-13,4.3512597,0.057706606,14.954188,7.985857
2025-11-14,3.2153997,0.06362975,13.810799,5.519592
2025-11-15,3.7988434,0.026217837,13.743106,7.293299
2025-11-16,2.8233702,0.0038640907,12.061598,5.1542625
2025-11-17,4.211719,0.06279838,15.481204,7.4840264
2025-11-18,3.9455693,0.011560494,12.091682,6.882568
2025-11-19,3.9549367,0.005442791,11.736296,5.933613
2025-11-20,3.6222036,0.029951278,12.595755,5.85776
2025-11-21,2.7467916,0.033793475,12.967634,4.539886
2025-11-22,3.355366,0.011102066,15.819472,7.972309
2025-11-23,4.5292516,0.051779833,14.518375,8.979186
2025-11-24,3.6811755,0.052252084,12.819017,6.556847
2025-11-25,2.3755112,0.007885266,11.461824,4.355829
2025-11-26,2.807641,0.0057087042,12.051381,4.3470464
2025-11-27,4.291557,0.022474725,15.425575,8.622598
2025-11-28,4.3027596,0.057656117,15.369171,8.365352
2025-11-29,3.7008507,0.019204875,13.68382,6.895715
2025-11-30,3.940922,0.033050247,17.591633,8.033819
2025-12-01,3.974556,0.0089510325,18.928728,8.36527
2025-12-02,3.8531878,0.0124353515,15.940172,7.333223
2025-12-03,2.4072292,0.040900696,8.269791,4.1710467
2025-12-04,2.7272377,0.014081011,10.2879305,4.9697604
2025-12-05,2.2802017,0.013824101,11.668373,4.448193
2025-12-06,4.3690057,0.012357632,14.081698,7.147621
2025-12-07,4.201812,0.10587152,14.872968,6.2212005
2025-12-08,5.0640645,0.077660546,15.853524,9.12893
2025-12-09,3.8237178,0.003106691,14.311197,6.396152
2025-12-10,4.1786265,0.016628027,14.593146,8.189889
2025-12-11,3.7155943,0.019774567,13.136878,8.722859
2025-12-12,2.4774525,0.014091225,10.508098,4.665904
2025-12-13,2.8275106,0.009662814,12.843391,6.363235
2025-12-14,3.667052,0.018799547,14.876552,8.45528
2025-12-15,3.896158,0.04186322,15.402371,6.9008727
2025-12-16,3.0712764,0.03450382,10.088071,5.2957964
2025-12-17,2.7347448,0.025845295,11.754432,4.385779
2025-12-18,4.384976,0.043684896,15.760034,7.5586777
2025-12-19,4.054065,0.029768927,15.938589,7.4447446
2025-12-20,2.3708198,0.016526403,10.348652,4.509597
2025-12-21,3.5596535,0.039193306,11.063526,5.7119308
2025-12-22,4.228376,0.053265627,12.105899,7.82229
2025-12-23,4.8733125,0.052945785,14.111046,8.020839
2025-12-24,5.8567767,0.20764084,12.024041,7.9022403
2025-12-25,4.30566,0.0892964,11.671805,6.156389
2025-12-26,2.6849082,0.014376403,9.34271,4.41571
2025-12-27,3.157896,0.007487278,13.482429,6.790447
2025-12-28,2.9316695,0.029349724,12.93404,5.6770654
2025-12-29,3.7893937,0.0058565927,14.781492,7.1473413
2025-12-30,4.0140953,0.07147909,15.127662,7.541652
2025-12-31,4.621048,0.027322011,14.864997,7.307239
