time_utc,t2m_c,d2m_c,skt_c,stl1_c,msl_hpa,sp_hpa,tp_mm,u10,v10,wind10_mps,wind10_direction_deg,u100,v100,wind100_mps,wind100_direction_deg,swvl1,blh
2026-07-15 00:00:00,25.13681,20.569427,25.714172,25.40628,1014.2056,1011.8801,0.2888441,-1.5200806,-3.5358734,3.8980832,26.177269,-3.2509613,-5.937851,6.8605595,31.141602,0.056949474,232.37328
2026-07-15 01:00:00,24.177246,20.507233,23.803589,25.189972,1015.5331,1013.1967,0.90014935,-2.1601257,1.3636322,2.6868234,120.95042,-3.9482117,2.4440613,4.882579,119.16388,0.06589066,280.3694
2026-07-15 02:00:00,23.531464,20.185028,23.345245,24.945892,1014.3144,1011.98126,1.4861822,-1.3413391,-1.1526489,1.9191091,51.264626,-3.168167,-1.1345673,3.585518,73.46002,0.083718106,146.9888
2026-07-15 03:00:00,22.960144,19.90799,23.225891,24.345947,1014.91626,1012.58,1.4797449,3.053482,0.6650696,3.1673388,259.32394,4.320694,1.203125,4.5740314,257.06482,0.087538905,156.87688
2026-07-15 04:00:00,22.335144,19.867157,23.031708,23.927887,1014.84875,1012.5097,2.2683144,0.88339233,1.0158539,1.3723956,224.73636,1.3428345,1.9395447,2.4600224,214.05675,0.13562101,109.33096
2026-07-15 05:00:00,21.510956,19.970184,23.131683,23.697784,1015.765,1013.4276,2.2547245,4.37471,0.92533875,4.486432,258.317,5.9715424,1.2310791,6.111677,258.70776,0.14643538,233.18413
2026-07-15 06:00:00,22.34085,20.8461,23.048584,24.230927,1016.3425,1013.9904,0.36549568,2.5911407,-0.4733429,2.7674513,283.57916,3.9964905,-0.66822815,4.1862035,281.5946,0.16204375,240.87498
2026-07-15 07:00:00,23.324646,21.632904,23.751404,24.887817,1016.02936,1013.6803,0.1180172,0.65190125,-1.0423889,1.300263,241.22647,0.6308594,-1.5065155,1.7277751,247.87695,0.17032301,204.42549
2026-07-15 08:00:00,24.381683,22.156586,25.03659,25.558716,1016.77563,1014.4298,0.0023841858,3.1418304,-0.37384033,3.2174482,276.83295,4.1317596,-0.65315247,4.234456,278.90085,0.16939992,370.28223
2026-07-15 09:00:00,25.293701,22.383118,25.70694,26.40216,1017.0712,1014.72577,0.010728836,2.5378876,-0.32937622,2.6001658,277.4444,3.2746582,-0.56422424,3.3676782,279.68045,0.16964388,396.70044
2026-07-15 10:00:00,26.623749,22.593597,29.060394,27.227203,1016.65814,1014.32715,0.00023841858,0.5521393,-0.65597534,0.9345016,323.2945,0.51000977,-0.70729065,0.94953096,237.49594,0.15676916,706.72
2026-07-15 11:00:00,27.37082,22.303253,29.42099,27.804535,1016.6963,1014.3663,0.00023841858,0.35429382,-0.9571686,1.1901689,254.87836,0.07015991,-1.2167816,1.383602,179.26172,0.15446657,980.31445
2026-07-15 12:00:00,27.42862,21.911835,30.194489,28.13089,1016.64874,1014.32764,0.0011920929,0.83303833,0.08576965,0.95673805,242.08798,0.63442993,0.06851196,0.8362582,234.01219,0.15217376,987.4319
2026-07-15 13:00:00,27.112366,21.740753,30.889435,28.492767,1016.3044,1013.9839,0.0014305115,1.8970337,0.92471313,2.1556392,241.39671,2.1290283,1.203537,2.4905019,238.43613,0.1498406,962.1758
2026-07-15 14:00:00,27.408417,21.650696,31.11612,28.50766,1016.0519,1013.7302,0.0,2.917511,0.112854004,2.9401839,267.43115,3.5872345,0.2214508,3.605571,266.42694,0.14747626,997.76685
2026-07-15 15:00:00,28.150543,21.946136,30.11435,28.558136,1016.1856,1013.85925,0.0,4.150116,-1.2255554,4.351253,286.45477,5.4514465,-1.6811066,5.7369995,287.244,0.14520144,765.45874
2026-07-15 16:00:00,28.555328,22.22525,28.749542,28.4581,1016.35376,1014.02844,0.0,4.245285,-1.9164429,4.6780763,294.12625,5.6641846,-2.804535,6.3565598,296.19147,0.14319539,664.6985
2026-07-15 17:00:00,28.29538,22.12503,27.759003,28.052277,1016.47565,1014.14014,0.0,3.7868195,-2.2086182,4.392249,300.1485,5.0231476,-3.330719,6.0487795,303.544,0.14185113,639.9641
2026-07-15 18:00:00,27.240631,22.01529,26.789215,27.32724,1016.7594,1014.42944,0.015974045,3.0196838,-1.742981,3.5067906,299.66278,3.9423676,-2.852295,4.8899536,305.59555,0.14081877,441.4624
2026-07-15 19:00:00,25.839691,21.768951,25.77829,26.63736,1016.8013,1014.46844,0.0,2.6646423,-1.2871399,2.9965825,295.30975,3.6719818,-2.5245667,4.5053606,304.16873,0.14018345,245.33383
2026-07-15 20:00:00,24.59439,21.809784,24.902832,25.730103,1016.995,1014.65466,0.0,2.3345795,-1.5764618,2.8454754,303.36267,3.3933563,-3.2314758,4.720677,313.42966,0.13990855,180.70218
2026-07-15 21:00:00,23.607513,21.689087,24.280731,24.637512,1017.4556,1015.11664,0.0,2.0133667,-1.5914917,2.5869756,307.36853,2.792572,-3.5160828,4.50163,321.34802,0.13971466,148.04755
2026-07-15 22:00:00,22.787567,21.50412,23.172363,23.460175,1017.91187,1015.5622,0.00023841858,1.7157745,-0.16600037,1.7748613,273.62592,2.447937,-0.76293945,2.6450434,286.82007,0.1395542,152.13065
2026-07-15 23:00:00,22.18692,21.35257,23.101257,22.663177,1017.795,1015.44226,0.0,1.634552,0.5995636,1.7881173,249.3938,2.251297,0.64772034,2.41143,254.78297,0.13937318,164.97252
2026-07-16 00:00:00,21.996338,21.552887,22.918488,22.425201,1017.3275,1014.9745,0.0,2.0542908,0.66755676,2.1794753,251.98718,3.0130157,0.8833008,3.1624975,253.95929,0.13920009,196.4586
2026-07-16 01:00:00,21.991394,21.678375,22.873016,22.3497,1017.27185,1014.91833,0.0,2.1965485,1.3040161,2.5612102,239.22386,3.3948517,1.8920135,3.8941088,240.98557,0.13904631,230.06885
2026-07-16 02:00:00,22.205414,21.943573,22.940765,22.480377,1016.91876,1014.5658,0.0,2.5841217,1.3188477,2.9257972,243.12027,4.261429,2.1586761,4.804145,243.11197,0.13888109,260.4856
2026-07-16 03:00:00,22.310577,22.033966,22.9935,22.457733,1016.28687,1013.9344,0.0,3.0277863,0.32167053,3.0678797,263.80243,4.731674,0.5129852,4.786364,263.75812,0.13872737,265.78177
2026-07-16 04:00:00,22.436401,22.046967,22.847107,22.410858,1015.9931,1013.6383,0.00023841858,2.8986206,-0.36999512,2.9322805,276.7533,4.4077606,-0.5444946,4.451842,276.97675,0.13857454,269.73914
2026-07-16 05:00:00,22.553741,22.09961,22.8331,22.385254,1015.9244,1013.56934,0.0,2.2968292,-0.6094208,2.3884754,283.79883,3.731598,-0.95207214,3.8618326,284.09314,0.13843012,305.09814
2026-07-16 06:00:00,22.67929,22.364532,23.335205,22.601318,1015.6375,1013.2871,0.024557114,1.0791473,-1.771347,2.0754275,328.9472,1.636383,-2.5766754,3.0526962,327.56458,0.1382137,335.16895
2026-07-16 07:00:00,23.154755,22.150818,23.758545,23.080444,1016.0594,1013.70874,0.061750412,0.39385986,-1.0728912,1.1528926,255.86728,0.45462036,-1.5043945,1.5824654,346.70987,0.13841909,383.51904
2026-07-16 08:00:00,24.008636,21.776215,24.902405,24.323517,1016.8544,1014.5071,0.06604195,0.12060547,1.010498,1.0367317,191.85126,0.11517334,1.3746796,1.390943,188.19594,0.14599407,465.84766
2026-07-16 09:00:00,24.44519,21.673462,25.321686,24.905731,1016.47876,1014.1349,0.0019073486,-0.9228058,1.630539,1.8751694,150.28291,-1.2111664,2.1784973,2.4947834,150.74991,0.15529382,469.47534
2026-07-16 10:00:00,25.770477,21.90268,27.509308,26.248657,1015.4025,1013.0698,0.072956085,0.50831604,0.22175598,0.62453645,206.54823,0.43927002,0.1585083,0.5901156,203.94792,0.1368534,556.40234
2026-07-16 11:00:00,26.464417,21.473175,25.834595,27.05606,1016.1775,1013.83826,0.017881393,3.371933,0.0027618408,3.4783041,270.15802,4.3084564,0.089645386,4.441721,269.0679,0.13572466,495.26978
2026-07-16 12:00:00,26.964386,21.283356,26.786377,27.73172,1014.8137,1012.47705,0.050783157,1.5730896,-1.7635956,2.3681228,318.15448,1.6851196,-2.2636719,2.8268178,323.36877,0.1338613,439.3794
2026-07-16 13:00:00,27.084991,21.664581,29.64328,28.071014,1015.10315,1012.7703,0.0072717667,2.5136108,0.6095581,2.6061435,255.01846,2.8837433,0.87176514,3.0364254,251.91171,0.13231623,693.5388
2026-07-16 14:00:00,26.933075,21.773102,30.010162,28.312897,1014.8544,1012.5246,0.0056028366,3.9884949,-0.3747406,4.021171,274.96136,4.9075775,-0.4951477,4.9499393,275.4571,0.13058496,769.3428
2026-07-16 15:00:00,26.547272,21.929352,29.168854,28.242645,1014.53687,1012.2059,0.0052452087,4.4440002,-1.4564056,4.687194,287.7883,5.626999,-1.921936,5.957527,288.61795,0.12910515,728.8484
2026-07-16 16:00:00,26.331055,21.91568,27.63852,27.872406,1014.3038,1011.9773,0.007867813,4.509369,-2.5059814,5.1726303,298.7522,5.851288,-3.3525696,6.7583714,299.6274,0.12780231,607.0005
2026-07-16 17:00:00,26.204712,21.905487,26.455963,27.321686,1014.6975,1012.3575,0.004529953,4.5150757,-3.2851105,5.591693,305.82767,5.9849396,-4.4782104,7.483692,306.70856,0.12665075,587.81616
2026-07-16 18:00:00,25.879913,22.001343,25.004425,26.593903,1014.70685,1012.36993,0.000834465,4.047592,-3.7750092,5.541193,312.7574,5.506195,-5.293518,7.6439857,313.77472,0.12591153,590.0281
2026-07-16 19:00:00,24.791168,21.957,24.027863,25.790924,1015.1025,1012.76117,0.0,3.1002808,-3.4574738,4.652837,317.77933,4.3008575,-4.9743347,6.584548,319.05768,0.1254409,560.7385
2026-07-16 20:00:00,23.70755,21.856659,23.37674,24.826447,1015.39435,1013.0517,0.0,2.4261017,-2.2353516,3.3060942,312.14566,3.4685059,-3.4492188,4.896025,314.60495,0.12524927,467.74585
2026-07-16 21:00:00,23.263397,21.827454,22.829254,24.069885,1016.3769,1014.0324,0.0,2.158554,-0.92585754,2.3831344,291.67825,3.198288,-1.8138275,3.711238,298.82123,0.12515873,348.86206
2026-07-16 22:00:00,23.186981,21.698639,23.03189,23.739105,1017.1975,1014.8501,0.0,2.6033325,0.55566406,2.700746,256.9341,4.472397,-0.005218506,4.508435,269.92233,0.12498063,500.4995
2026-07-16 23:00:00,22.80722,21.517792,22.895355,23.26535,1016.5856,1014.23663,0.0,1.7896576,0.038635254,1.8186302,267.53326,3.3103333,-0.3264618,3.3636982,275.64346,0.124905586,445.68604
2026-07-17 00:00:00,22.470978,21.386627,22.754333,22.850311,1016.3994,1014.05676,0.0,2.254486,0.6084137,2.3674939,254.14552,3.6415253,0.69369507,3.7542264,259.1541,0.12485528,313.3954
2026-07-17 01:00:00,22.349365,21.222565,22.683228,22.67566,1016.45123,1014.1046,0.0014305115,3.171402,0.52856445,3.2365522,260.14365,4.9255524,0.71984863,5.0025716,261.77698,0.12479848,471.3982
2026-07-17 02:00:00,22.180939,21.104034,22.603058,22.559357,1016.5012,1014.15045,0.021219254,3.2748566,0.23641968,3.3245292,265.66397,5.092987,0.24407959,5.145373,267.61356,0.1249221,503.44556
2026-07-17 03:00:00,21.85849,20.769287,22.380768,22.236847,1016.26373,1013.912,0.024676323,3.3333893,-0.62950134,3.4135342,280.33337,5.168686,-1.0036926,5.2929163,281.12384,0.12498486,443.09326
2026-07-17 04:00:00,21.526733,20.421417,22.320953,21.892517,1016.1431,1013.79114,0.03886223,2.850647,-1.1707153,3.0924113,291.79736,4.232483,-1.9332886,4.6661367,294.5636,0.1251089,403.46777
2026-07-17 05:00:00,21.306488,20.247406,22.309113,21.630646,1016.2931,1013.9423,0.01692772,2.2238312,-0.653656,2.3269138,285.3529,3.1934357,-1.2902985,3.4504797,291.79926,0.12525183,350.5393
2026-07-17 06:00:00,21.860626,20.73236,23.25122,22.267975,1016.15247,1013.7958,0.04553795,2.2889404,-0.35707092,2.324705,277.9093,2.947998,-0.64460754,3.0249758,281.8751,0.12522322,393.20142
2026-07-17 07:00:00,23.033539,21.239716,24.427948,23.538483,1016.7644,1014.41284,0.0042915344,2.6268005,-0.2719574,2.6477954,275.30566,3.3013916,-0.40119934,3.3328028,276.53967,0.12539995,599.58325
2026-07-17 08:00:00,23.931885,21.466583,25.462677,24.66867,1016.875,1014.5239,0.00166893,2.9163666,-0.10594177,2.9284816,271.6105,3.660736,-0.115753174,3.674036,271.52692,0.1256274,762.3904
2026-07-17 09:00:00,24.602661,21.103271,26.618805,25.535767,1017.0656,1014.718,0.00071525574,3.1468048,-0.120788574,3.156984,271.8412,3.921463,-0.13162231,3.9323459,271.71005,0.12547421,843.73047
2026-07-17 10:00:00,25.33551,20.399384,28.122406,26.132385,1017.2056,1014.8694,0.0026226044,3.3338776,-0.32598877,3.3533356,275.4037,4.114044,-0.39042664,4.1362786,275.2882,0.1237703,1018.2478
2026-07-17 11:00:00,25.526031,19.972992,28.378387,26.62033,1017.0481,1014.7067,0.0121593475,4.048767,-0.9873047,4.1742363,283.59088,5.0790405,-1.2358704,5.235132,283.59027,0.12217975,1045.833
2026-07-17 12:00:00,25.752472,20.066437,27.259125,27.085297,1017.41125,1015.0687,0.015735626,4.103943,-1.6056213,4.413518,291.24252,5.22876,-2.0407104,5.621551,291.24304,0.12047398,859.2368
2026-07-17 13:00:00,25.803925,20.020905,27.47586,27.649933,1017.21436,1014.8686,0.02360344,3.8258362,-2.028717,4.3340263,297.7688,4.8533173,-2.5922546,5.5057964,298.01907,0.11878306,890.69165
2026-07-17 14:00:00,25.89209,19.580048,27.490326,27.857025,1017.3088,1014.9662,0.007867813,3.6516724,-2.0544586,4.202038,299.123,4.6028137,-2.6477203,5.3240933,299.74854,0.11722523,909.4885
2026-07-17 15:00:00,26.66742,19.276459,27.023285,27.777435,1016.9288,1014.5848,0.021576881,3.7476196,-2.2245636,4.371747,300.50775,4.7585907,-2.8715668,5.5761795,301.00436,0.11599046,861.96924
2026-07-17 16:00:00,26.592438,19.199066,26.531769,27.283417,1016.6844,1014.34674,0.0,3.8562164,-2.558731,4.6424203,303.3869,4.9576874,-3.379242,6.0156326,304.20166,0.114632726,823.9634
2026-07-17 17:00:00,25.952942,19.310394,25.73172,26.785309,1016.71375,1014.36914,0.0,3.7997894,-2.8490143,4.759542,306.64633,4.973175,-3.804367,6.2725067,307.33295,0.11355233,751.1389
2026-07-17 18:00:00,25.036804,19.515198,24.66446,26.124908,1016.5425,1014.20166,0.0,3.2110748,-3.3142395,4.624239,315.57104,4.2759094,-4.493164,6.211809,316.28552,0.11287218,663.27563
2026-07-17 19:00:00,23.804321,19.514679,23.687592,25.227875,1017.0025,1014.6559,0.0,2.40831,-3.338745,4.1336336,323.57465,3.3155975,-4.695633,5.7643294,324.53387,0.11247587,595.34937
2026-07-17 20:00:00,22.700317,19.513733,22.824707,23.967438,1017.175,1014.8256,0.0,1.7116394,-3.118515,3.583205,330.26743,2.43396,-4.672409,5.2920914,332.18845,0.11233723,501.79614
2026-07-17 21:00:00,21.766022,19.432587,22.4888,22.590668,1018.0081,1015.6541,0.0,1.1570129,-2.9067078,3.1533809,337.21042,1.620758,-4.4541473,4.7614937,339.7047,0.112277985,425.56714
2026-07-17 22:00:00,20.869385,19.142914,21.877136,21.517395,1018.1356,1015.77856,0.0,1.1864624,-2.6816711,2.9435246,335.3909,1.6744232,-3.9690857,4.3182554,336.9054,0.112017274,403.09644
2026-07-17 23:00:00,20.383057,19.036804,21.76593,20.83609,1018.0619,1015.70123,0.0,1.2075348,-2.403534,2.7003298,332.59763,1.6174927,-3.6225433,3.9729393,335.81165,0.11199272,397.2212
2026-07-18 00:00:00,20.086212,19.004486,21.571655,20.379303,1018.0625,1015.7025,0.0,1.3899536,-1.917923,2.3794625,323.3291,1.9389191,-2.8174896,3.4269867,325.30804,0.11197424,384.05542
2026-07-18 01:00:00,19.972137,18.87381,21.33725,20.065887,1017.8594,1015.49585,0.0,1.3652649,-1.8521576,2.308286,323.05634,2.0541534,-2.6891022,3.390653,322.4768,0.11195189,399.01733
2026-07-18 02:00:00,19.881134,18.8331,21.123657,19.851044,1017.4812,1015.1219,0.0,1.23909,-1.7810669,2.175403,324.6974,1.9888306,-2.6046143,3.2824678,322.5476,0.11193937,410.6006
2026-07-18 03:00:00,19.814209,18.876556,20.947449,19.725433,1017.3256,1014.96234,0.0,0.9410248,-1.9707031,2.191311,333.993,1.5801849,-2.9858398,3.3904672,331.7326,0.11192584,425.71143
2026-07-18 04:00:00,19.840149,18.88263,21.185455,19.693878,1017.0819,1014.72174,0.0,0.7757721,-2.3477173,2.483558,341.2888,1.2429657,-3.5794373,3.8066914,340.30792,0.11190826,427.74927
2026-07-18 05:00:00,19.750153,18.808899,21.151642,19.49466,1017.1362,1014.77765,0.0,0.5085449,-2.4043427,2.4688601,348.1247,0.8006897,-3.7102356,3.8129182,347.6695,0.111888826,431.78516
2026-07-18 06:00:00,20.18158,19.467682,22.105743,20.124054,1017.09937,1014.7425,0.0,0.3108368,-2.3804932,2.4125826,353.15283,0.4098816,-3.280014,3.3216925,353.3371,0.11184895,458.13135
2026-07-18 07:00:00,21.173492,19.744904,23.67868,21.367401,1017.5694,1015.2109,0.00011920929,0.2778778,-2.3721313,2.397387,263.91406,0.34446716,-3.0023804,3.0326307,354.0251,0.11153853,548.0571
2026-07-18 08:00:00,22.178741,19.768585,25.050201,22.698181,1017.6987,1015.34546,0.00011920929,0.21250916,-1.9428711,1.9586152,353.89813,0.25715637,-2.3773956,2.3956296,353.98062,0.11091125,650.7085
2026-07-18 09:00:00,23.453888,19.625763,26.205109,24.16983,1017.6931,1015.34143,0.00011920929,0.28086853,-1.5622864,1.5891898,349.46143,0.29656982,-1.8834076,1.9083965,350.80557,0.10987842,730.06055
2026-07-18 10:00:00,25.056427,18.870636,28.213959,25.787292,1017.4481,1015.10315,0.0,0.4814148,-1.3546295,1.4419856,340.32886,0.4005432,-1.6123352,1.6657686,345.91174,0.10805225,839.8367
2026-07-18 11:00:00,26.213196,18.938599,29.071259,26.8591,1016.97314,1014.6321,0.0,0.8229523,-1.9782257,2.1500869,337.91724,0.8026581,-2.3991241,2.5387504,341.79196,0.106517315,963.38745
2026-07-18 12:00:00,26.890839,18.833405,30.006744,27.667389,1016.7344,1014.3982,0.0,0.93348694,-2.3347168,2.5294557,339.34753,0.8621521,-2.858963,3.0045977,344.03876,0.10475671,1150.8242
2026-07-18 13:00:00,27.561127,18.64624,30.344635,28.48117,1016.27563,1013.9439,0.0009536743,1.2160492,-2.2906494,2.6176221,333.90894,1.1669006,-2.8192596,3.082262,339.00208,0.102902055,1267.2585
2026-07-18 14:00:00,27.806976,18.488586,30.384186,29.073456,1015.975,1013.6457,0.00023841858,1.7727509,-2.3873901,2.9889874,324.81244,1.8557281,-2.9684448,3.522956,329.2681,0.10099691,1296.5107
2026-07-18 15:00:00,27.919342,18.407837,29.747345,29.248627,1015.6344,1013.30676,0.0,2.5510406,-2.7308655,3.7431877,317.35297,2.9364777,-3.458786,4.54568,320.06757,0.09936136,1165.6587
2026-07-18 16:00:00,27.725677,18.78543,28.361603,28.9039,1015.43933,1013.1088,0.0,3.2840118,-3.3416748,4.6920156,315.2526,4.0970306,-4.3700714,5.996945,316.6972,0.09798849,792.3462
2026-07-18 17:00:00,27.121063,19.180939,27.143524,28.279755,1015.16003,1012.8248,0.0,3.304245,-4.0659027,5.2484093,320.537,4.285492,-5.4481964,6.9402957,321.58893,0.096918285,630.4507
2026-07-18 18:00:00,26.208008,18.87033,25.84253,27.407013,1015.07434,1012.7396,0.0,2.7413483,-4.597702,5.368487,328.71863,3.700348,-6.335251,7.3526325,329.45157,0.0961656,516.53955
2026-07-18 19:00:00,25.29718,18.184357,24.806976,26.32956,1015.28125,1012.94885,0.0,1.9669342,-4.671585,5.0856705,336.6304,2.7566986,-6.869522,7.4198236,337.91046,0.09570116,474.09766
2026-07-18 20:00:00,24.201233,18.209656,23.868927,24.860474,1015.3175,1012.98364,0.0,1.4842377,-4.628937,4.8757715,341.70477,2.1059723,-7.3235016,7.635436,343.8139,0.09547037,412.38696
2026-07-18 21:00:00,23.313812,18.091309,23.397186,23.413788,1016.0544,1013.71484,0.0,1.0852509,-4.46846,4.6100774,345.8794,1.5032959,-7.3012695,7.465744,348.28848,0.095300734,364.48608
2026-07-18 22:00:00,22.367004,17.757507,23.17221,22.225464,1016.33624,1013.9919,0.0,1.0050812,-4.1287384,4.260579,345.74625,1.3874054,-6.5035706,6.661686,347.79626,0.099392,317.62012
2026-07-18 23:00:00,21.779114,17.83728,22.995941,21.51651,1016.1725,1013.8289,0.0,0.79837036,-3.8887024,3.978362,347.89252,1.0495148,-6.178406,6.274832,350.22043,0.09923571,283.01294
2026-07-20 00:00:00,23.185822,13.943909,22.896149,23.18396,1016.44934,1014.10156,0.0,-4.036743,-4.4808655,6.033456,41.848,-6.871582,-6.990677,9.806045,44.41929,0.08248219,507.0354
2026-07-20 01:00:00,22.45996,13.503174,22.426056,22.539948,1016.3456,1013.9975,0.0,-4.188263,-4.2509003,5.969949,44.381653,-6.9828186,-6.5225983,9.558635,46.859207,0.08222477,475.56738
2026-07-20 02:00:00,21.732819,13.108368,22.093292,21.940216,1016.01624,1013.6691,0.0,-4.299179,-4.22287,6.0280757,45.332123,-7.007553,-6.3674927,9.470446,47.666626,0.08198378,457.69702
2026-07-20 03:00:00,21.062256,12.847839,21.765533,21.358154,1016.21185,1013.8599,0.0,-4.2504883,-4.1329346,5.9301953,45.636536,-6.865402,-6.184189,9.241427,47.93602,0.081747115,452.6338
2026-07-20 04:00:00,20.403961,12.450317,21.398743,20.768463,1016.3669,1014.0146,0.0,-4.0373077,-3.960556,5.65807,45.30674,-6.5272827,-5.8923798,8.795223,47.856003,0.08153005,438.7495
2026-07-20 05:00:00,19.891724,12.339264,21.14212,20.297333,1016.73627,1014.3786,0.0,-3.7765656,-3.939804,5.461747,43.465714,-6.235199,-5.935913,8.612004,46.311234,0.081323415,418.8838
2026-07-20 06:00:00,20.360504,12.135132,21.903046,20.771576,1016.90936,1014.5535,0.0,-3.541153,-4.001663,5.349083,41.114166,-5.8190155,-5.9896545,8.354686,44.06434,0.08104657,412.82642
2026-07-20 07:00:00,21.345306,12.0035095,23.085358,21.835052,1017.21063,1014.8552,0.0,-3.7849426,-4.3104095,5.7402,41.005516,-5.4496155,-5.851654,8.000021,42.819878,0.080626905,420.7229
2026-07-20 08:00:00,22.5,12.346558,24.59784,23.070831,1017.1206,1014.76984,0.0,-3.6634674,-4.3575897,5.6947193,39.87017,-5.0786133,-5.74704,7.6712904,41.356575,0.08001886,449.7732
2026-07-20 09:00:00,23.761353,12.797882,25.838593,24.364105,1017.2294,1014.8842,0.0,-3.3251343,-4.5584717,5.644101,35.94368,-4.559677,-5.968384,7.512668,37.267815,0.07924041,507.35645
2026-07-20 10:00:00,24.98935,13.269897,26.823334,25.553192,1016.9869,1014.6444,0.0,-3.245514,-3.673355,4.9033213,41.491745,-4.3812866,-4.694641,6.4228883,43.025,0.07817015,557.10254
2026-07-20 11:00:00,26.119446,13.794159,27.312408,26.786957,1016.8906,1014.5511,0.0,-3.0462494,-3.9499512,4.9933033,37.60309,-4.1973267,-5.086685,6.599546,39.474,0.077041626,651.8435
2026-07-20 12:00:00,27.108307,14.001495,28.363373,27.769928,1016.52435,1014.1889,0.0,-2.7056274,-4.0781403,4.9039445,33.58606,-3.8619843,-5.294464,6.5611315,36.080406,0.07583926,810.63916
2026-07-20 13:00:00,27.850372,13.554993,28.568573,28.665802,1016.6075,1014.2783,0.0,-2.2365875,-4.492401,5.029952,26.623016,-3.2975464,-5.8780518,6.7484074,29.356613,0.074552864,970.36475
2026-07-20 14:00:00,28.517914,13.283905,29.055145,29.336212,1016.0222,1013.6935,0.0,-2.313095,-4.6933746,5.2476974,26.465858,-3.4278717,-6.175705,7.0754166,29.170464,0.07325886,1060.2869
2026-07-20 15:00:00,28.78128,13.100983,28.7388,29.704865,1015.7362,1013.4138,0.0,-2.1756134,-4.811737,5.300212,24.63144,-3.3284607,-6.390991,7.22087,27.69905,0.072071955,1077.4304
2026-07-20 16:00:00,28.823273,12.915985,27.846527,29.761993,1015.3925,1013.0687,0.0,-1.938736,-4.9766235,5.3591647,21.57795,-3.0896912,-6.7491302,7.4364014,24.760437,0.07105414,1067.583
2026-07-20 17:00:00,28.826996,12.975067,27.32901,29.45523,1015.375,1013.0518,0.0,-1.9850464,-4.6664124,5.0943365,23.268692,-3.236145,-6.4387207,7.2248344,26.783478,0.070229985,1054.5896
2026-07-20 18:00:00,28.431122,13.191925,26.208282,28.79245,1015.53186,1013.2093,0.0,-1.3838959,-4.3436737,4.579337,17.95636,-2.74292,-6.3818054,6.964699,23.322792,0.06959984,964.81323
2026-07-20 19:00:00,27.300323,13.088898,24.631683,27.681427,1015.9425,1013.616,0.0,-1.1970978,-4.6788177,4.839908,14.313759,-2.7158508,-7.3676453,7.8659353,20.11531,0.06917012,622.9663
2026-07-20 20:00:00,25.611603,12.605743,23.577087,26.100067,1016.2669,1013.93506,0.0,-1.7591553,-5.278244,5.571808,18.217018,-3.5000153,-8.511398,9.214167,22.202942,0.068877555,619.2981
2026-07-20 21:00:00,24.677002,12.011871,23.132599,24.868103,1017.07,1014.733,0.0,-2.5838165,-5.539444,6.117331,24.773102,-4.6469116,-8.796036,9.954348,27.72065,0.06861172,655.3367
2026-07-20 22:00:00,23.799835,12.071381,22.398865,23.82788,1017.59564,1015.24915,0.0,-3.1839905,-4.8243713,5.7832174,33.1453,-5.459549,-7.7338257,9.470601,35.079453,0.07369938,616.2239
2026-07-20 23:00:00,22.87857,11.754425,21.969574,23.015015,1017.47437,1015.13257,0.0,-3.3248901,-4.823654,5.8661327,34.221153,-5.803482,-7.596985,9.569349,37.21399,0.07347821,552.8386
2026-07-21 00:00:00,21.97171,11.558441,21.713165,22.21637,1017.7031,1015.35254,0.0,-3.2699432,-5.074295,6.0383883,32.64028,-5.6916656,-7.93721,9.768976,35.570488,0.07326482,521.7671
2026-07-21 01:00:00,21.214508,11.361664,21.271729,21.54953,1018.0544,1015.6959,0.0,-3.4121552,-5.2980194,6.303603,32.599747,-5.6900024,-8.115799,9.913513,34.962875,0.07308097,513.33887
2026-07-21 02:00:00,20.388,11.0383,20.89029,20.807587,1017.84314,1015.4822,0.0,-3.4208984,-5.060196,6.1113615,33.788605,-5.592285,-7.7443542,9.555872,35.719185,0.072908,498.4746
2026-07-21 03:00:00,19.723907,10.86911,20.480743,20.210419,1018.1825,1015.82166,0.0,-3.2646027,-4.5108185,5.573104,35.544495,-5.336441,-6.8338776,8.675327,37.852814,0.07274252,471.64014
2026-07-21 04:00:00,19.059265,10.72171,20.22638,19.624115,1018.43,1016.06696,0.0,-3.043396,-4.419052,5.3724117,34.127846,-5.0168457,-6.612503,8.306348,37.041237,0.0725985,451.92773
2026-07-21 05:00:00,18.497833,10.25943,19.946533,19.115631,1018.9244,1016.5581,0.0,-2.9181366,-4.569809,5.4302683,32.077972,-4.903656,-6.929962,8.4965725,35.113464,0.07245356,447.18433
2026-07-21 06:00:00,19.144836,10.740845,20.734344,19.798859,1019.3825,1017.0121,0.0,-2.928543,-4.5774536,5.443131,32.0763,-4.846451,-6.8673706,8.412077,35.034065,0.07227633,455.93896
2026-07-21 07:00:00,20.203522,10.480957,22.076263,20.996552,1019.60254,1017.2385,0.0,-3.5477295,-4.943985,6.089683,35.350456,-5.1114197,-6.7677917,8.485941,36.881348,0.07200223,476.5066
2026-07-21 08:00:00,21.368683,10.593109,23.626678,22.222443,1019.8169,1017.4542,0.0,-3.703659,-4.7742157,6.044878,37.57379,-5.1595764,-6.380951,8.208861,38.79946,0.071622424,520.3645
2026-07-21 09:00:00,22.953644,10.920868,25.26471,23.758331,1019.8644,1017.5068,0.0,-3.5176697,-4.5486145,5.7529783,37.48345,-4.824112,-5.988327,7.693057,38.67272,0.071122214,598.77637
2026-07-21 10:00:00,24.503906,11.285065,26.46756,25.105469,1020.235,1017.8799,0.0,-2.7349243,-4.1841736,5.0041084,32.96956,-3.776825,-5.422653,6.614485,34.652733,0.0690745,694.4678
2026-07-21 11:00:00,25.98291,11.32254,27.757477,26.59439,1020.0681,1017.7197,0.0,-2.4843445,-4.466812,5.12516,28.976967,-3.5496368,-5.7796173,6.7975082,31.377197,0.06816405,972.14795
2026-07-21 12:00:00,27.124786,10.985626,28.624603,27.82492,1019.6775,1017.34094,0.0,-2.5708923,-4.509964,5.2148447,29.673553,-3.7731934,-5.874649,7.0026135,32.62992,0.06715602,1145.5803
2026-07-21 13:00:00,27.958893,10.435272,29.099274,28.809479,1019.5706,1017.2322,0.0,-2.6285248,-4.6019135,5.3316326,29.781853,-3.9040527,-6.0154877,7.1971607,32.963615,0.066118605,1255.4795
2026-07-21 14:00:00,28.520538,10.254242,29.08786,29.474518,1019.09064,1016.7584,0.0,-2.8540497,-4.8074646,5.6270003,30.836784,-4.2565613,-6.34729,7.6718483,33.917343,0.06512874,1286.3347
2026-07-21 15:00:00,28.7612,10.478668,28.656036,29.790497,1018.90564,1016.574,0.0,-3.1676483,-5.0649567,6.0037255,32.16205,-4.7317963,-6.751831,8.268441,35.094048,0.06424293,1293.1682
2026-07-21 16:00:00,28.764618,10.987335,27.950104,29.743744,1018.6262,1016.29395,0.0,-3.4338074,-4.9563293,6.0504036,34.7882,-5.15007,-6.7105713,8.473538,37.53444,0.06347233,1310.0781
2026-07-21 17:00:00,28.656708,11.133331,27.059784,29.325897,1018.83875,1016.50775,0.0,-3.5273895,-4.5151978,5.745885,38.001602,-5.378784,-6.203888,8.220561,40.9105,0.062857196,1338.7556
2026-07-21 18:00:00,28.023865,11.442047,25.837494,28.528656,1019.1494,1016.81915,0.0,-3.0226898,-4.0339813,5.055425,36.78853,-5.019989,-5.817215,7.6931806,40.7044,0.062385008,1265.8123
2026-07-21 19:00:00,26.918304,11.545502,24.131256,27.350128,1019.58435,1017.25024,0.0,-2.6637573,-4.0923767,4.89602,32.881844,-4.908554,-6.348984,8.039529,37.55349,0.062067553,792.04224
2026-07-21 20:00:00,24.835693,11.533539,22.936981,25.451385,1019.865,1017.52563,0.0,-2.9342499,-4.5329285,5.4081616,32.706367,-5.3787537,-7.261093,9.047901,36.415245,0.061851926,653.7742
2026-07-21 21:00:00,23.288605,11.100861,22.404694,23.47406,1020.6044,1018.2566,0.0,-3.4014282,-4.7632294,5.8563795,35.37291,-6.001587,-7.623596,9.707818,38.129883,0.061669916,647.1084
2026-07-21 22:00:00,22.570404,10.597137,21.843903,22.599518,1020.8663,1018.51404,0.0,-3.8365173,-4.7163086,6.0818768,38.997566,-6.5527954,-7.464493,9.935703,41.22445,0.069641426,626.1738
2026-07-21 23:00:00,21.44043,10.078522,21.356537,21.438385,1020.7506,1018.3979,0.0,-3.9252625,-4.1000977,5.6771913,43.626816,-6.83313,-6.4871674,9.423357,46.434723,0.069487296,569.1199
2026-07-22 00:00:00,20.577393,9.986053,20.920563,20.59613,1020.77,1018.41266,0.0,-3.8513641,-3.709198,5.3486366,45.912666,-6.720764,-5.852768,8.913543,48.891655,0.06935312,501.39307
2026-07-22 01:00:00,19.688477,9.8854065,20.49936,19.753632,1020.5619,1018.2041,0.0,-3.5274506,-3.5566406,5.010914,44.611435,-6.4366913,-5.6764984,8.583879,48.540947,0.069231465,444.29492
2026-07-22 02:00:00,19.037415,9.976593,20.095764,19.15863,1020.2294,1017.867,0.0,-3.367279,-3.541214,4.8878326,43.415886,-6.260788,-5.6647186,8.4443655,47.81357,0.06911586,404.16992
2026-07-22 03:00:00,18.411163,10.129059,19.793274,18.562164,1020.13,1017.7656,0.0,-3.3952637,-3.5019531,4.879135,43.946136,-6.2718506,-5.5571136,8.380633,48.41349,0.06901453,379.89648
2026-07-22 04:00:00,18.102753,10.475189,19.543121,18.296082,1020.0131,1017.65063,0.0,-3.5900574,-3.3914032,4.939794,46.485428,-6.49086,-5.368408,8.424131,50.367302,0.068917125,378.7666
2026-07-22 05:00:00,17.917816,10.750397,19.38153,18.148163,1020.0206,1017.6564,0.0,-3.7265625,-3.1057892,4.8523035,50.03425,-6.5879974,-4.871277,8.194208,53.482033,0.06882769,375.99414
2026-07-22 06:00:00,18.758179,10.928986,20.454865,18.951569,1020.27313,1017.9098,0.0,-3.730774,-2.859253,4.7016582,52.379913,-6.378433,-4.3150787,7.701734,55.88378,0.06871696,392.44678
2026-07-22 07:00:00,20.546417,11.029114,22.261261,20.671204,1020.505,1018.13525,0.0,-3.7539368,-2.7695618,4.665784,53.469437,-5.6069336,-3.7932892,6.7702866,55.872757,0.06853599,439.22705
2026-07-22 08:00:00,22.601593,11.340973,24.067688,22.725677,1020.5194,1018.1588,0.0,-3.9669342,-2.7660675,4.836141,55.12523,-5.5117188,-3.567337,6.5655203,57.09897,0.06826737,516.1992
2026-07-22 09:00:00,24.340668,11.737274,25.88736,24.508331,1020.3806,1018.02966,0.0,-3.8547668,-2.8378143,4.7877917,53.667572,-5.2660675,-3.6079712,6.38429,55.58761,0.0678934,650.791
2026-07-22 10:00:00,25.7836,11.883575,27.311249,25.912018,1019.9981,1017.6552,0.0,-3.5690765,-2.8768005,4.588741,51.21414,-5.0192413,-3.6554108,6.2114415,53.975357,0.06222307,785.04565
2026-07-22 11:00:00,27.111542,11.589081,28.689423,27.232025,1019.57874,1017.23883,0.0,-3.3689423,-2.8719025,4.440929,49.633476,-4.783844,-3.6193237,6.0064936,52.944466,0.06138189,1083.9519
2026-07-22 12:00:00,28.047455,11.167267,29.600006,28.391693,1018.9956,1016.66003,0.0,-3.159912,-2.763855,4.225565,48.915092,-4.5275574,-3.419754,5.689669,53.01799,0.060464658,1195.5767
2026-07-22 13:00:00,28.824554,10.787079,30.184479,29.451141,1018.4981,1016.17,0.0,-2.8547668,-3.0165405,4.1925945,43.687866,-4.1679993,-3.7347107,5.619695,48.327972,0.059522428,1242.2141
2026-07-22 14:00:00,29.52005,10.839325,30.386383,30.235626,1018.0075,1015.68005,0.0,-2.5674896,-3.1075745,4.084399,40.002678,-3.8345337,-3.8573303,5.4715233,45.161026,0.05862216,1269.7424
2026-07-22 15:00:00,29.848969,10.873383,30.223175,30.672516,1017.4481,1015.1234,0.0,-2.131073,-3.1229248,3.8489656,35.15866,-3.3049927,-3.871292,5.134553,41.101616,0.057802,1319.0339
2026-07-22 16:00:00,29.919708,10.897003,29.577545,30.718658,1016.8719,1014.5537,0.0,-1.778717,-3.6175995,4.0919504,27.310944,-2.8913727,-4.6075897,5.481888,32.903366,0.057106137,1283.3328
2026-07-22 17:00:00,29.936676,11.009308,28.503448,30.379364,1016.67566,1014.36194,0.0,-1.7285767,-4.2267303,4.608797,23.144974,-2.915619,-5.6128387,6.3560123,28.072868,0.05655072,1211.3013
2026-07-22 18:00:00,29.254974,11.865875,26.982758,29.636932,1016.60254,1014.282,0.0,-1.2617645,-4.233963,4.439863,17.282013,-2.6819916,-6.211502,6.7813015,23.681793,0.05614057,891.6782
2026-07-22 19:00:00,27.637268,12.228851,25.027191,28.297455,1016.9338,1014.6139,0.0,-1.184082,-3.8460846,4.0330534,17.39724,-2.9681396,-6.234329,6.9115067,25.46357,0.055875137,369.48706
2026-07-22 20:00:00,25.337372,12.6545105,23.657654,26.048492,1017.11,1014.78564,0.0,-1.4603882,-3.8451843,4.1180463,20.780418,-3.513626,-6.4884186,7.3861833,28.32962,0.055710323,280.12115
2026-07-22 21:00:00,24.055267,12.5625305,23.176025,24.025269,1017.5712,1015.2428,0.0,-2.153244,-4.1697235,4.696273,27.197456,-4.4687347,-7.094513,8.392382,32.113983,0.055580184,360.47803
2026-07-22 22:00:00,23.670258,12.67392,22.745026,23.277435,1017.47125,1015.1381,0.0,-2.831314,-3.9941406,4.89952,35.232857,-5.4995575,-6.7790985,8.736029,38.98136,0.06395212,384.55933
2026-07-22 23:00:00,22.604645,12.265961,22.319305,22.245087,1017.38184,1015.044,0.0,-3.2149658,-3.7288055,4.9254885,40.659782,-6.1493225,-6.1757507,8.71908,44.81952,0.063870706,372.15796
2026-07-23 00:00:00,21.950348,12.302643,21.86618,21.693146,1017.1856,1014.84735,0.0,-3.367447,-3.2998962,4.7151346,45.49652,-6.341461,-5.3470917,8.295475,49.82543,0.06380569,345.60352
2026-07-23 01:00:00,21.211487,12.013275,21.432251,21.03238,1017.0769,1014.73364,0.0,-3.3139496,-3.0390167,4.496883,47.4084,-6.2306213,-4.7919617,7.8608065,52.427147,0.06373723,322.93164
2026-07-23 02:00:00,20.679657,12.194611,21.021698,20.554504,1016.86,1014.5156,0.0,-3.2186432,-2.8992615,4.3325524,47.863403,-6.0809174,-4.502289,7.56669,53.45594,0.06367674,309.60254
2026-07-23 03:00:00,20.09671,12.248016,20.669891,20.01001,1016.8069,1014.4621,0.0,-3.1933136,-2.858261,4.2869024,47.99659,-6.0309906,-4.406357,7.470285,53.791275,0.06361891,295.16113
2026-07-23 04:00:00,19.28357,12.199982,20.333405,19.23294,1016.8081,1014.4623,0.0,-3.1678467,-2.8361664,4.2536902,47.9664,-5.984024,-4.372772,7.4129744,53.781967,0.0635812,274.54822
2026-07-23 05:00:00,18.82019,12.213654,20.029022,18.80774,1017.01685,1014.6649,0.0,-3.0029602,-2.852539,4.145326,46.34092,-5.703598,-4.4728394,7.251983,51.877472,0.0635398,259.84204
2026-07-23 06:00:00,19.59842,12.791626,21.16092,19.533783,1017.3656,1015.00806,0.0,-2.8589325,-2.9358978,4.1015882,44.10466,-5.2430115,-4.5589905,6.951736,48.974136,0.06348065,279.92645
2026-07-23 07:00:00,21.206024,13.222992,23.028168,21.13675,1017.72754,1015.376,0.0,-2.9556885,-2.9135437,4.1520896,45.247025,-4.463562,-4.0339355,6.019298,47.76613,0.063388914,321.24683
2026-07-23 08:00:00,23.1445,13.726044,24.893768,23.227386,1017.8063,1015.4541,0.0,-2.9893951,-2.945572,4.1973486,45.3051,-4.168152,-3.8663483,5.6865716,47.04361,0.063235,376.9214
2026-07-23 09:00:00,24.87027,14.155518,26.79184,25.124664,1017.7694,1015.4271,0.0,-2.7741852,-3.1039429,4.164645,41.61862,-3.8862762,-4.0377197,5.605981,43.720932,0.063037634,483.5957
2026-07-23 10:00:00,26.443512,14.711487,28.204681,26.623016,1017.6431,1015.3025,0.0,-2.6760864,-2.6391907,3.767005,45.295486,-3.853485,-3.3323822,5.098261,49.00979,0.059702873,553.3572
2026-07-23 11:00:00,27.624237,14.097107,29.773834,27.951508,1017.2325,1014.89954,0.0,-2.3109283,-2.7315369,3.5993338,40.253487,-3.4145966,-3.372223,4.808794,45.31569,0.05905083,845.0681
2026-07-23 12:00:00,28.658966,13.737732,30.78128,29.250519,1016.605,1014.27704,0.0,-1.7658997,-3.0011444,3.5118825,30.774155,-2.745041,-3.6925812,4.61127,36.733673,0.058325306,1003.8059
2026-07-23 13:00:00,29.295929,13.676544,31.316559,30.380402,1016.5419,1014.21906,0.0,-1.3062439,-3.497223,3.773353,21.050072,-2.2119293,-4.363571,4.9108663,27.134583,0.05757872,1117.0459
2026-07-23 14:00:00,29.657257,13.538055,31.28482,31.167633,1016.0606,1013.7389,0.0,-1.1236572,-3.9171753,4.1213465,16.730545,-1.9787292,-5.013321,5.4177437,21.95327,0.05687356,1213.4089
2026-07-23 15:00:00,29.973602,13.437714,30.850006,31.522247,1015.6819,1013.364,0.0,-1.0850983,-4.178131,4.363338,15.333023,-1.9539795,-5.4431,5.8150706,20.244812,0.056245163,1229.6499
2026-07-23 16:00:00,30.031769,13.039642,29.96524,31.414215,1015.3163,1013.0041,0.0,-1.2874603,-4.4990387,4.720418,16.625565,-2.2475586,-5.9865723,6.4240975,21.014381,0.055736236,1218.5933
2026-07-23 17:00:00,29.782135,12.547638,28.768951,30.890411,1015.17377,1012.86035,0.0,-1.7153015,-4.506195,4.8557696,21.328674,-2.8686981,-6.127777,6.791537,25.400162,0.055322126,1110.8945
2026-07-23 18:00:00,29.04892,12.7341,27.324188,29.99118,1015.20874,1012.89233,0.0,-1.7710266,-4.089966,4.479866,23.808907,-3.3155212,-5.953903,6.8318577,29.264252,0.05501984,936.97974
2026-07-23 19:00:00,27.624817,12.91861,25.379608,28.605804,1015.3237,1013.00653,0.0,-1.99469,-3.714096,4.2255955,28.456398,-3.9292297,-5.799179,7.013849,34.09926,0.054825142,494.88574
2026-07-23 20:00:00,25.29361,12.810516,23.80307,26.222382,1015.4981,1013.1739,0.0,-2.150116,-3.5426178,4.148788,31.13549,-4.43338,-5.893051,7.382682,36.831528,0.05470804,329.2776
2026-07-23 21:00:00,23.70102,12.30484,23.06488,23.79422,1015.9575,1013.6293,0.0,-2.625702,-3.7422333,4.576708,34.817253,-5.162506,-6.335968,8.181897,39.047806,0.054607302,354.34692
2026-07-23 22:00:00,23.174469,12.391266,22.755463,23.06607,1015.97437,1013.64374,0.0,-3.4485931,-3.657959,5.0316267,43.149597,-6.2995453,-6.036911,8.732031,46.126038,0.06280388,430.8169
2026-07-23 23:00:00,22.185211,12.182098,22.27478,22.04477,1015.64185,1013.3075,0.0,-3.9574127,-3.2498627,5.1226215,50.49633,-7.207947,-5.2668915,8.930456,53.779686,0.06274146,420.5349
2026-07-24 00:00:00,21.557465,12.433014,21.852325,21.444183,1015.445,1013.1091,0.0,-4.102051,-2.8845825,5.015463,54.777176,-7.463913,-4.560898,8.748268,58.519676,0.06268318,376.72095
2026-07-24 01:00:00,20.847412,12.528412,21.511627,20.766907,1015.3194,1012.98145,0.0,-4.176544,-2.7772217,5.0169735,56.251923,-7.552063,-4.3106384,8.697624,60.237434,0.062626496,346.7036
2026-07-24 02:00:00,20.217834,12.431854,21.215424,20.192474,1014.67004,1012.32654,0.0,-4.3173676,-2.7940521,5.1438885,56.970695,-7.679352,-4.3007507,8.803522,60.710594,0.06258374,338.10913
2026-07-24 03:00:00,19.55835,12.429413,20.881104,19.608307,1014.2438,1011.90344,0.0,-4.270157,-2.495697,4.9469767,59.62645,-7.529892,-3.8123627,8.441592,63.136375,0.06253068,327.72168
2026-07-24 04:00:00,18.97934,12.501312,20.486176,19.076202,1014.2944,1011.9491,0.0,-4.0073547,-2.2172394,4.580507,60.963867,-7.1407013,-3.2942352,7.865293,65.22609,0.062496528,310.0647
2026-07-24 05:00:00,18.505005,12.285065,20.246979,18.63617,1014.0706,1011.7272,0.0,-3.9342499,-2.3592834,4.588406,58.943687,-7.0134277,-3.4145508,7.80154,64.01422,0.0624602,290.9983
2026-07-24 06:00:00,19.342468,12.610352,21.296387,19.434723,1013.95874,1011.6094,0.0,-3.9416199,-2.4155273,4.6258616,58.50361,-7.000702,-3.5294495,7.84346,63.25656,0.062408224,299.81177
2026-07-24 07:00:00,20.939362,12.917938,23.088043,20.936493,1013.83685,1011.48816,0.0,-3.9359741,-2.0909882,4.459542,62.14863,-6.0247345,-2.8256226,6.658395,64.934326,0.062326513,323.67432
2026-07-24 08:00:00,22.962982,13.167969,25.115082,22.920807,1013.5781,1011.2328,0.0,-3.7372894,-1.7866669,4.143798,64.62266,-5.294052,-2.2243652,5.744276,67.313934,0.06219603,354.32715
2026-07-24 09:00:00,24.838654,13.481293,27.093903,24.87146,1012.9988,1010.66437,0.0,-3.6179047,-1.9271545,4.101391,62.118042,-5.0546265,-2.3636017,5.5807133,65.03198,0.062010214,410.47852
2026-07-24 10:00:00,26.812653,13.966217,28.588654,26.61081,1011.98376,1009.6603,0.0,-3.3466644,-1.7570953,3.7864099,62.49404,-4.7117004,-2.087326,5.156803,66.30251,0.06284718,473.00098
2026-07-24 11:00:00,28.291718,13.555267,30.397736,28.310944,1011.26685,1008.9568,0.0,-2.8143616,-1.4042969,3.17244,63.143707,-4.042633,-1.5770416,4.3515525,68.86868,0.06220656,654.2927
2026-07-24 12:00:00,29.477875,12.990936,31.998077,29.88321,1011.08813,1008.7825,0.0,-1.8925323,-0.74890137,2.1353228,64.507065,-2.8467712,-0.6072235,2.9482074,76.943535,0.061491527,877.17847
2026-07-24 13:00:00,30.025177,13.165436,32.862335,31.253693,1010.0381,1007.7421,0.0,-1.1705475,-1.1636963,1.8960687,130.95993,-1.9503632,-1.0695801,2.3590903,57.381233,0.060745828,1034.8135
2026-07-24 14:00:00,29.573761,14.239227,33.284576,32.326324,1009.28625,1006.9957,0.0,-0.19514465,-1.1681976,1.6393281,102.761406,-0.71051025,-1.209259,1.8487663,116.728165,0.060024157,1241.366
2026-07-24 15:00:00,30.736359,11.734589,33.200836,33.045197,1009.14624,1006.85736,0.0,1.1606445,-0.9363556,1.8489153,234.69327,1.1418152,-1.0866241,2.0758708,240.97182,0.05934772,1018.2903
2026-07-24 16:00:00,29.64566,13.561005,31.868683,33.164337,1008.5181,1006.224,0.0,2.7875824,-0.85032654,3.031806,292.11533,3.4290314,-1.2618256,3.8182952,295.7141,0.058801487,721.2925
2026-07-24 17:00:00,28.740753,14.162201,29.781525,32.3096,1008.47687,1006.1736,0.0,3.616394,-0.8804321,3.7908306,285.81073,4.816269,-1.4509277,5.135132,288.9977,0.058418065,476.41208
2026-07-24 18:00:00,26.854095,15.846344,27.239777,30.589264,1008.97815,1006.66766,0.101447105,3.7674255,0.7850189,4.000189,261.56924,5.394928,0.5770416,5.6722107,268.3213,0.05888007,379.4923
2026-07-24 19:00:00,24.550812,17.427826,24.395538,28.220123,1009.1919,1006.86725,0.0,3.9405823,2.3403625,4.5881853,239.26277,6.4150085,3.205185,7.183078,243.80356,0.06193129,246.80322
2026-07-24 20:00:00,23.074005,18.467377,23.274261,25.95169,1009.6225,1007.29456,0.00023841858,3.9538116,2.2855377,4.569303,239.83408,6.565628,2.614853,7.0706906,248.2971,0.06358634,243.14856
2026-07-24 21:00:00,22.522095,19.613495,22.43341,24.7247,1010.39185,1008.0559,0.11587143,3.4644928,3.4494934,4.8996844,224.92456,5.71817,4.29274,7.1664486,232.92569,0.063939214,312.75977
2026-07-24 22:00:00,22.740082,19.901825,22.19638,23.955536,1010.1781,1007.83905,0.06592274,3.8322449,2.1984558,4.444293,239.50499,6.6344147,3.2024994,7.3985353,244.06625,0.060119674,316.1902
2026-07-24 23:00:00,22.743744,20.343597,21.90213,23.643005,1010.42566,1008.08484,0.014066696,3.3066711,2.5964203,4.240615,231.31665,5.5279236,3.672821,6.686134,236.20166,0.060212106,305.10114
2026-07-25 00:00:00,22.474274,20.229218,21.645538,23.129639,1009.7006,1007.35876,0.0,3.7577057,2.8004913,4.728376,232.34752,6.472687,3.8875275,7.5955043,238.38878,0.060194477,343.5454
2026-07-25 01:00:00,22.256165,20.044403,21.45108,22.721222,1009.58624,1007.2462,0.0,4.796051,2.9038696,5.647006,238.10458,7.992523,4.105438,9.028475,242.42973,0.060183287,429.6189
2026-07-25 02:00:00,22.073944,19.798615,21.377228,22.344482,1009.175,1006.83545,0.0,4.943634,2.4026337,5.5340877,243.38791,8.068176,3.2980042,8.762853,247.40787,0.060186207,437.87866
2026-07-25 03:00:00,22.018341,19.863495,21.298126,22.178162,1008.815,1006.48193,0.0,4.75708,2.2128906,5.284334,244.11299,7.855194,2.925171,8.423031,249.097,0.060179636,434.3274
2026-07-25 04:00:00,22.051605,19.985687,21.1669,22.080292,1008.9406,1006.60144,0.0,4.2203064,2.3918,4.891473,239.47401,7.2276154,3.2145233,7.952213,245.5831,0.060166083,431.48315
2026-07-25 05:00:00,21.904633,19.917389,21.13559,21.874878,1009.0781,1006.7428,0.0,3.4839172,2.9476624,4.607731,228.8141,6.302353,4.018997,7.5206656,237.082,0.060168006,413.0752
2026-07-25 06:00:00,21.793915,19.871399,22.141998,21.646515,1009.3625,1007.0245,0.0,3.4046478,3.169983,4.6916857,226.15854,6.1708984,4.5709686,7.7220707,232.94272,0.06014724,448.31445
2026-07-25 07:00:00,22.207489,19.642334,23.536377,22.079132,1009.18,1006.8471,0.026226044,4.562027,3.1783142,5.589933,234.57487,6.762375,4.1474457,7.9740343,238.01651,0.06006977,522.07837
2026-07-25 08:00:00,22.514252,18.942535,24.974335,22.713654,1009.5675,1007.2325,0.030040741,4.668442,2.4357452,5.306533,242.35242,6.609131,3.0421906,7.3359714,245.2969,0.05990438,592.84937
2026-07-25 09:00:00,22.612396,18.073883,26.365875,23.51175,1009.52563,1007.1917,0.017046928,3.9612427,1.3558044,4.297697,252.1271,5.3331757,1.576767,5.7218866,254.88513,0.059655212,677.74097
2026-07-25 10:00:00,22.704926,17.412567,24.419281,24.708374,1010.2413,1007.9042,0.0014305115,3.245575,0.09303284,3.4279108,271.00778,4.1645203,0.3095703,4.3826456,269.17886,0.066566154,691.20044
2026-07-25 11:00:00,22.762909,16.253296,23.385468,26.81601,1011.1325,1008.7922,0.0052452087,1.5014343,-0.4289856,1.7741444,288.3274,1.8674774,-0.45721436,2.2047505,288.73322,0.066142544,491.66943
2026-07-25 12:00:00,22.965302,15.694153,23.515594,28.310333,1010.8088,1008.4673,0.09453297,1.4011383,-0.4641266,1.583405,281.72,1.5683594,-0.47399902,1.7860916,281.58524,0.06620483,575.2844
2026-07-25 13:00:00,23.0766,15.875671,24.960358,28.678741,1010.8156,1008.47986,0.0063180923,2.5125885,-0.87861633,2.7319803,286.00388,3.022995,-0.9364166,3.2622209,284.65155,0.065840684,836.9365
2026-07-25 14:00:00,23.68161,15.936615,25.17929,28.92276,1011.385,1009.05176,0.0064373016,3.3336182,-2.1042023,3.981782,300.34296,4.265274,-2.6851654,5.0938644,300.4607,0.06549517,943.2344
2026-07-25 15:00:00,23.820343,16.577423,24.767365,28.674225,1011.7906,1009.4553,0.01013279,4.1286316,-3.3666534,5.342414,308.5232,5.483139,-4.5832214,7.1671543,309.30994,0.0652434,947.88086
2026-07-25 16:00:00,23.05655,17.20108,22.79837,27.869171,1011.41156,1009.0753,0.044107437,4.784149,-4.169586,6.3475475,310.88162,6.7171936,-6.016968,9.020873,311.6721,0.06527773,800.8699
2026-07-25 17:00:00,22.161377,17.378021,21.386627,26.212006,1012.2503,1009.90405,0.003695488,4.8049316,-4.309906,6.4587355,311.6618,6.931793,-6.4884186,9.499456,312.97528,0.06532351,760.6355
2026-07-25 18:00:00,21.040558,17.293243,21.134308,25.015167,1012.9503,1010.6016,0.01168251,5.288742,-3.953308,6.6102085,306.45786,7.607437,-6.0130615,9.703929,308.1735,0.06520144,714.1577
2026-07-25 19:00:00,20.111694,17.555939,20.692505,23.507965,1013.29285,1010.9453,0.00023841858,5.600708,-3.6212006,6.674341,302.6719,8.216461,-5.6777954,9.992123,304.572,0.06513659,704.1992
2026-07-25 20:00:00,19.910583,17.589142,20.21872,22.032135,1013.8331,1011.4756,0.0,5.446167,-3.1661072,6.3028574,299.99695,8.048996,-5.0562897,9.508007,302.0869,0.06511764,691.8169
2026-07-25 21:00:00,19.8768,17.460907,20.08136,21.26175,1014.67,1012.3125,0.00023841858,5.575119,-2.6392822,6.179908,294.86856,8.207214,-4.229187,9.242675,297.09497,0.06518249,713.0271
2026-07-25 22:00:00,20.166168,16.884735,19.655823,21.28592,1015.2513,1012.8895,0.0014305115,4.8841553,-1.2772522,5.069989,284.06775,7.5284424,-2.3163452,7.895712,286.9405,0.06451354,728.74927
2026-07-25 23:00:00,20.094666,16.855774,19.744995,21.007599,1015.4219,1013.06604,0.00023841858,4.612747,-1.3804932,4.827254,286.1728,7.064621,-2.3372345,7.452,288.16028,0.06447576,740.6272
